Type of Noise,junk,PSNR_noisy,PSNR_denoisy,SSIM_noisy,SSIM_denoisy,CW-SSIM_noisy,CW-SSIM_denoisy,unique_noisy,unique_denoisy,ms_unique_noisy,ms_unique_denoisy,csv_noisy,csv_denoisy,summer_noisy,summer_denoisy
deco_lvl_1,0,30.739100839735038,32.65226716659954,0.9745204521751751,0.9715430560284346,0.9246685482045756,0.9715430560284346,0.7177742835988061,0.7120612954152317,0.8150283593759139,0.812053019872326,0.9722271213952263,0.973512466137182,3.9320306011279427,3.7897369341966214
deco_lvl_1,1,32.73703960209306,34.37582216103159,0.9926148005865008,0.9917636514748251,0.8790197984763172,0.9917636514748251,0.8384136980926629,0.8415184255350935,0.9141415511721077,0.9145087322230444,0.9851759069124709,0.9842749319557483,4.642564731325672,4.583558404273657
deco_lvl_1,2,32.28176654630476,32.81757770419162,0.9921969511355754,0.9911220540051654,0.8588220018326772,0.9911220540051654,0.7852790233771154,0.7800801334936389,0.8808876414365974,0.8784650010912163,0.9811270361201687,0.9806026160747514,3.5034801711158763,3.2638826912906573
deco_lvl_1,3,32.082732766605346,34.1635648215114,0.9859971305985055,0.9826407490752986,0.9730353769692125,0.9826407490752986,0.8166314498358797,0.8166292984445027,0.8771769616816771,0.8761431604311392,0.9770807379557193,0.9788291555605358,4.1763622290400395,4.038326971423801
deco_lvl_1,4,32.27564956464198,35.54781353623547,0.9921439202507726,0.9896459257440903,0.982675269266515,0.9896459257440903,0.8892847188213675,0.8978760388761856,0.914898299573119,0.9194943209228807,0.9807802201351637,0.9830459740613919,4.366583320739538,4.229680761529625
deco_lvl_2,0,29.613579713660773,31.42062522214648,0.9723884333226729,0.9661394238259859,0.9055811096912689,0.9661394238259859,0.6669325044084318,0.6588499132553642,0.7849474167202031,0.7822359379577714,0.9698938309868045,0.9717675707023876,3.8146160895810284,3.399789639230786
deco_lvl_2,1,31.418513540536424,32.74016985988042,0.9928363675487796,0.9914239021730673,0.8857521000701093,0.9914239021730673,0.81734505662888,0.8206146990357909,0.9027153140889075,0.9032703677720624,0.9835998335735173,0.9830568007292116,4.497029485723349,4.413862774931038
deco_lvl_2,2,31.342827407845437,31.377638087404854,0.9919330538743892,0.991201471115201,0.8387910901087251,0.991201471115201,0.6160375248272394,0.6294782959048515,0.8132461206775714,0.8228471402651301,0.9803886018180922,0.9794736272880493,4.182763491929436,3.3135071875669473
deco_lvl_2,3,29.51608837833814,31.564908218617397,0.9821332926559563,0.9713571764880775,0.9537312014877884,0.9713571764880775,0.7196414530502393,0.727980140199069,0.8215963094752753,0.8228203563491846,0.9727198727010901,0.9746689443615164,4.101795484378106,3.6897977214795317
deco_lvl_2,4,29.572554768720323,32.07285768786037,0.9886754445742784,0.9798248438262656,0.9648738256584156,0.9798248438262656,0.7870496005897802,0.8066485090031725,0.853872828738315,0.8631353021576826,0.9755036228522537,0.9774607961109889,4.25948162809195,3.8366724705213855
deco_lvl_3,0,29.251846607574166,30.61535314288866,0.9665418369627413,0.9538622196544686,0.8822787470601144,0.9538622196544686,0.5780664741551503,0.5728469638711,0.729475537015692,0.7282075608119479,0.9639055490550796,0.9666484977152581,3.753052643521642,2.9355923249229687
deco_lvl_3,1,30.04378800402519,31.253028906302728,0.9933087355985853,0.991352923151418,0.8645785430923031,0.991352923151418,0.49925074090711635,0.5534241110743846,0.8183399710262986,0.8339050975529219,0.9824875317214652,0.9810165941156265,4.512228190923553,4.381223077318077
deco_lvl_3,2,31.100902351662775,31.088820904185003,0.9917616739724222,0.9907209372672108,0.8504664771119846,0.9907209372672108,0.5054257888398741,0.5392049336182712,0.782036396002552,0.8002956783839844,0.980165159514344,0.9791947933157715,3.951483223922485,3.3672086933827927
deco_lvl_3,3,28.722206854180094,30.172564806325365,0.9778823012879224,0.9540850499363367,0.9311123205310106,0.9540850499363367,0.5766369035917679,0.5806538790938699,0.7470555472092529,0.7407943939406234,0.9670602059727113,0.9696174491168137,3.9982075404721247,3.2164232249965696
deco_lvl_3,4,28.635408734565118,30.421626102768467,0.9839052990917718,0.9622261614435124,0.9406756836057185,0.9622261614435124,0.6373667152004505,0.6577408731681705,0.7740412229259916,0.7759141172070945,0.9698091540668103,0.9722794989127636,4.1509739584136485,3.343202937061638
deco_lvl_4,0,28.825745963987384,30.02125873338286,0.9608407575139627,0.9396300713731067,0.8590400731506014,0.9396300713731067,0.4811346948971368,0.48142144270816306,0.6739384312265952,0.6769509896987264,0.9584247039961165,0.9629098630870809,3.6235573370139633,2.4460840045155625
deco_lvl_4,1,29.60742849907482,30.44106029446926,0.9923962981394483,0.9896940378545734,0.8608174796790594,0.9896940378545734,0.3386536638070236,0.3631378336594462,0.7676727744923812,0.7777718773772896,0.9809592458202243,0.9802683929821168,4.545883884062146,4.398974732347966
deco_lvl_4,2,30.39972017513781,30.302130614974082,0.9915174198734478,0.9887872788374058,0.8355144639240808,0.9887872788374058,0.3837997654595483,0.4436406628964011,0.7284605858925186,0.7549101249734564,0.9771854817757004,0.9762303031216155,3.0776963498789343,2.5907858524684646
deco_lvl_4,3,28.280226146297625,29.487556716147616,0.9711811768788151,0.9285857746213244,0.9031702328304801,0.9285857746213244,0.4011874006579047,0.40185129922538404,0.6564534708641241,0.6372874114546467,0.9600868284625582,0.9640741404889026,3.8901901977012363,2.7655508933332755
deco_lvl_4,4,28.2749409612688,29.531506966371573,0.9771106842392859,0.9377186230796422,0.9125929055414125,0.9377186230796422,0.4348394964196178,0.4513345919496636,0.6732278099182997,0.6621320850245043,0.9619847129598709,0.9662748720057378,4.037014332251763,2.796531846366732
deco_lvl_5,0,28.74713586902149,29.807682504683306,0.95485806308613,0.9327385232622923,0.8536537737932443,0.9327385232622923,0.428025601686124,0.4253963258968184,0.6358854999628398,0.6358846965739043,0.9556308704256985,0.9606023741422296,3.6720123568818606,2.302438253293375
deco_lvl_5,1,29.362487876898612,30.348072495408797,0.9895011195498399,0.9876237001275511,0.8517792802057563,0.9876237001275511,0.3052644748366601,0.38461272366741805,0.7559239258176806,0.7842343970523379,0.979813299991702,0.9794728247156103,4.304060747229314,4.200898235419321
deco_lvl_5,2,30.29979575780539,30.203875410573655,0.9912216412505601,0.9891324007900526,0.8326049609369637,0.9891324007900526,0.3630419735176969,0.42462400540576095,0.7236865517608151,0.7497752367712001,0.9770153882312695,0.9765297313209564,3.1252410931900885,2.702311993344562
deco_lvl_5,3,28.076253755071626,29.06493120032539,0.9636092299582679,0.9075760404953144,0.8806929754690164,0.9075760404953144,0.28040404675602276,0.29480672728618207,0.5852723657230913,0.5599106896181035,0.9556920156077925,0.9605460995565033,3.8210466941365344,2.4629934060725214
deco_lvl_5,4,28.030905036969603,29.091416331850727,0.9688935112063812,0.9179358385673131,0.8877324711132034,0.9179358385673131,0.2897062730584642,0.31169444307545646,0.5894970412346087,0.5682239796886046,0.9565242614194638,0.9617738793497381,3.907940287172808,2.460564742382817
lens_blur_lvl_1,0,29.889427405999133,30.442592838753054,0.8564549668123475,0.907283731272675,0.7706985726501762,0.907283731272675,0.3333490163318066,0.4771613626508668,0.5251731073244462,0.651402058409673,0.960418194235743,0.961450820417725,4.93414049476307,3.68270346341407
lens_blur_lvl_1,1,28.564836093217565,29.57068051521951,0.942377596838121,0.9748337550241121,0.6647215913761847,0.9748337550241121,0.5725235041333985,0.5325416596183551,0.7519309141841759,0.7658247925251689,0.9780879572602291,0.9784166093631328,4.814537289757048,4.351264757881744
lens_blur_lvl_1,2,28.972438201762174,30.353614855583828,0.9587044507858427,0.9818207117739667,0.7250227988930572,0.9818207117739667,0.5279935664542451,0.5912835270744382,0.7190698089525013,0.7668487061881932,0.9764950549481729,0.9774115987749635,4.749479477932319,3.914674268069518
lens_blur_lvl_1,3,29.703358703822047,29.82880415323425,0.8700886576929163,0.9019864482222102,0.847888606009065,0.9019864482222102,0.4074277206441316,0.46719799586798416,0.5774492945843824,0.6349893612682301,0.9619171462939271,0.9628443055386494,4.818857720192079,4.241670425565153
lens_blur_lvl_1,4,29.78077804924912,29.96737588143063,0.8727515864878952,0.906719137565839,0.848746468935836,0.906719137565839,0.4220245342417144,0.491607044201194,0.5822392721654674,0.6490268961255559,0.9601714660161236,0.9631946332138911,4.835619387519551,4.306652182739454
lens_blur_lvl_2,0,28.686805442703136,29.47539321285895,0.7378578515583419,0.8268470158046706,0.566748429457405,0.8268470158046706,0.08909713311043277,0.17103159541832713,0.2852221926011069,0.4021037614082196,0.9493542932866577,0.9507952112037853,4.991154861569353,3.5193183564638515
lens_blur_lvl_2,1,27.71080803181637,29.201809295129813,0.8744163843831846,0.9627915758404396,0.5491975332682982,0.9627915758404396,0.38949664493960534,0.381150258435758,0.641639315093931,0.6907089447180698,0.9762458639177626,0.9753586851285937,4.9995694341939885,4.411589348321776
lens_blur_lvl_2,2,27.978676557216737,29.56883060153675,0.9123048708596233,0.9741481637802181,0.6201611129390473,0.9741481637802181,0.35118615713215195,0.47453074790524874,0.5942589241200328,0.7009574743797269,0.9739486926913313,0.9745649888794786,4.969350450616149,3.8423527162174222
lens_blur_lvl_2,3,28.496527394213476,28.79852041113931,0.7327890972342636,0.7928995625643108,0.665890633715411,0.7928995625643108,0.11007853323760575,0.15082023506135592,0.30460967146848594,0.35989357862447435,0.9515510502268413,0.9520984649342114,4.95523080026059,4.111088779212938
lens_blur_lvl_2,4,28.511072751159467,28.857967986253875,0.7352333190410807,0.7987080650257264,0.6639203467812075,0.7987080650257264,0.11748536476789359,0.1653516488356219,0.306971795305062,0.37152555689863986,0.9512516899792506,0.9525697041421693,4.964986922909262,4.180873611437937
lens_blur_lvl_3,0,28.080294484232404,29.176409404031617,0.6726966548055643,0.7366076463284904,0.46895956663189775,0.7366076463284904,0.028046396759747575,0.03410774762980324,0.18661636058905046,0.2099024042167228,0.9427606063421269,0.9420103614698639,4.9942463877487295,4.611866337700765
lens_blur_lvl_3,1,27.74030000987159,29.054764074576724,0.8275384642136207,0.9441090963786359,0.4590357421794511,0.9441090963786359,0.24773325147357117,0.3103039165663287,0.562249119217549,0.6030830087296755,0.9740148744514543,0.9732733015162224,4.999996674283897,3.994494958506084
lens_blur_lvl_3,2,27.607643563923148,29.16624387896386,0.8809620956391054,0.9584302419154501,0.5393796850219575,0.9584302419154501,0.24706310420881245,0.3244137575043877,0.5237801568170617,0.6170030846932189,0.9722870559692607,0.9740321770977171,4.995275295178802,3.711675651554867
lens_blur_lvl_3,3,28.13005782548874,28.452404688228743,0.6578629543818416,0.6960945045296977,0.5409375234208746,0.6960945045296977,0.03077157761992885,0.029048144822174934,0.18336320110163318,0.180749478966099,0.9422563586025905,0.9420383714010868,4.9858038168918775,4.430593290620868
lens_blur_lvl_3,4,28.135078677843737,28.49678332227583,0.6617680824559582,0.7014366629808617,0.540320386693239,0.7014366629808617,0.03301069860492489,0.033137796824824865,0.18573186180624907,0.18707364519820968,0.9423780176563996,0.9417694968506686,4.989089236191932,4.386438111305788
lens_blur_lvl_4,0,27.924884584677375,29.007183244272635,0.6444310237633152,0.7100499404573124,0.4269589217523079,0.7100499404573124,0.015151184985807628,0.0208729383465436,0.1510474476080021,0.17310989333012738,0.938424344639917,0.9386236475024227,4.993248078619886,4.832789780604228
lens_blur_lvl_4,1,27.607778097467857,29.036124831022025,0.7971542086843427,0.9084695144132405,0.3782220003987268,0.9084695144132405,0.12183408200009209,0.15670806631007922,0.45198013742258825,0.4456515210203587,0.9717886218736866,0.9689356829228415,4.999996279572087,2.8285240316056557
lens_blur_lvl_4,2,27.710095149127504,29.100760545280075,0.8607235425943005,0.9377470208926322,0.49566174805437235,0.9377470208926322,0.1441283130649369,0.1921916956067355,0.4643086415219371,0.49784536386232625,0.9707420017362741,0.9711272655817296,4.999500566981897,3.5674417543170667
lens_blur_lvl_4,3,27.9476804772139,28.257563567730738,0.6226554458426344,0.6518990596423174,0.4445220227717284,0.6518990596423174,0.01392995847002739,0.01140188531316478,0.1340916189719341,0.12452418765542078,0.9392210422945494,0.9374752037323097,4.9967572579462,4.721294599176639
lens_blur_lvl_4,4,27.934718729763727,28.2926961974368,0.6265831283460018,0.6559731299347812,0.4420021958269182,0.6559731299347812,0.01482367096817284,0.012910398057347991,0.13526281026944229,0.12850024650363845,0.9394762395447971,0.9383951983985037,4.997756894595239,4.715697802631597
lens_blur_lvl_5,0,27.872471875342644,28.948326236996273,0.6385249424475081,0.7159141464784962,0.3881703173340353,0.7159141464784962,0.013679542093348315,0.023651371557017343,0.14296778914331293,0.18107785207664168,0.9394207681775187,0.9398642732095743,4.993744427812759,4.9234399896183305
lens_blur_lvl_5,1,27.4870460992447,29.281017572554006,0.7779270017393265,0.8735274268865191,0.263519249197683,0.8735274268865191,0.08027515727241709,0.09905367328154245,0.39732073081636876,0.3855912225203906,0.9694696274774156,0.9661386717732294,4.999999498900643,2.8394846404264626
lens_blur_lvl_5,2,27.623322226404014,28.9056481834881,0.8433164115838124,0.9142938814102963,0.4152464724907132,0.9142938814102963,0.07137557228152817,0.07416218055732866,0.36803100051465587,0.32881085148522693,0.9710587444010302,0.9677446071881748,4.999087652199268,1.980843899709358
lens_blur_lvl_5,3,27.878072453555326,28.15588941378881,0.5939511877475877,0.6289581943068665,0.35990604222924877,0.6289581943068665,0.006445498032953385,0.007154711228928278,0.10343933709204868,0.10012588395702224,0.9383142811567516,0.9371336128164244,4.998685521042049,4.665606066743888
lens_blur_lvl_5,4,27.883490947064644,28.219789050738854,0.5992218935729093,0.6361382014007114,0.35993483542000404,0.6361382014007114,0.007501369622418326,0.008840863729245137,0.10723279008777943,0.10662381611255009,0.9396533786333373,0.9388293958459188,4.999049825893293,4.638861693162502
codex_lvl_1,0,29.343254055268787,29.465718914714195,0.77930200585222,0.831016761691015,0.8115807207108661,0.831016761691015,0.30037859185409743,0.26198905684250107,0.5438997036936503,0.5145962936894454,0.9485988377068851,0.9502620866293087,1.777294219830946,1.5526583690223974
codex_lvl_1,1,28.595516663343957,28.264418151182376,0.7893246873901559,0.733540662226387,0.5243412792751667,0.733540662226387,0.001777421805485214,0.001179713303970298,0.1493916607414407,0.1255845613650497,0.9673738197724768,0.9637334463276519,3.8311685061920513,3.821419781588116
codex_lvl_1,2,28.54440087743246,28.44097216151894,0.747291065437038,0.7029031411659514,0.5575711584969008,0.7029031411659514,0.00023128360528711957,0.00014588883760256424,0.06711371201422546,0.04965924386071641,0.9551419959519118,0.949430152730653,0.6240118961903655,0.5404776130192702
codex_lvl_1,3,33.81673197376398,33.8580870439909,0.9762659662143288,0.9760576729022129,0.9609418757559298,0.9760576729022129,0.7555693248317008,0.7577639811956531,0.841149688964334,0.8424817908415532,0.975310575409996,0.976246156946752,3.954049764344356,3.9447318482268305
codex_lvl_1,4,35.061902060335825,35.29109501223027,0.9820305715344377,0.9818029337336208,0.9723523813201107,0.9818029337336208,0.8080930824240443,0.8097821077088654,0.8717554226848776,0.8726453472572451,0.9784135054225787,0.9784273983311569,4.167767344271443,4.133186458586757
codex_lvl_2,0,29.45537293213913,29.737100660331528,0.7892678886788363,0.8394242472790139,0.8228969624794786,0.8394242472790139,0.3623591944666701,0.3277346783962315,0.5800300268296512,0.5534180292095656,0.9507133931186235,0.9519642591283666,1.7519982672090275,1.5726648922686104
codex_lvl_2,1,28.68601491618465,28.24611929904085,0.7858927154725067,0.7360052282301519,0.5398316611216379,0.7360052282301519,0.0035772929434308544,0.0017737284597270217,0.1674009649106598,0.14247307053236105,0.967021704971611,0.9624529365520869,3.8712232998969514,3.8689307421863193
codex_lvl_2,2,28.245770323694707,28.5200920422348,0.8099620643777746,0.7985246705527866,0.5831210644880132,0.7985246705527866,0.0006761476352342999,0.0008264915302685689,0.0914762906114431,0.09270413213137597,0.9612569559818175,0.9593913732105785,1.8054449020324148,1.3799410232221798
codex_lvl_2,3,33.579039576454754,33.643854827729626,0.9742393242663511,0.9741175869001294,0.9622374435941073,0.9741175869001294,0.7393701522395146,0.7423042995087183,0.8317158454707938,0.8335032552694555,0.9753402111109752,0.9755432906582382,3.872864670835099,3.853136247218016
codex_lvl_2,4,33.81497885317046,33.92197903288824,0.9753957391544389,0.9753900556889971,0.9685228953859388,0.9753900556889971,0.7388859212586347,0.7431285979409809,0.8368389217207761,0.8391022544701414,0.9757376337701744,0.9755716566829244,4.037079279186121,3.9977626038413305
codex_lvl_3,0,28.120245479514754,28.24410408936594,0.399227840258767,0.3623632789646118,0.48237147610296993,0.3623632789646118,7.626871765854055e-05,0.00015854262230992976,0.02572882320093556,0.016952670168331567,0.9170157992535354,0.9092547845973515,0.8313082703913042,0.38153275900978084
codex_lvl_3,1,27.91405940206996,27.822832104670596,0.5886672289939527,0.5428803001221194,0.5743714486190853,0.5428803001221194,3.2610154829551248e-12,2.6568947900459908e-12,0.008441388146651612,0.004806084139183583,0.9596169214334623,0.9524837464387925,3.5718971136496207,2.037861693613001
codex_lvl_3,2,28.501222949355633,28.481088318834825,0.6731587997153097,0.6553067320128548,0.5460650548164685,0.6553067320128548,2.3691238626982993e-06,2.4151994864046567e-06,0.024163098077348302,0.023244099215427434,0.9517427768443596,0.9493318615534356,0.594773784544115,0.5161982113888877
codex_lvl_3,3,32.967011400802846,33.02939467105346,0.9692224969746208,0.9683332868687674,0.9583444877709395,0.9683332868687674,0.7062249728613457,0.7035184436749276,0.8155312324538873,0.8147729530715839,0.9735186728228754,0.9741521500721494,3.7604434713657358,3.7548546833995293
codex_lvl_3,4,33.34225647088274,33.500939280159855,0.9718950197364321,0.9719653504926072,0.9602488807373892,0.9719653504926072,0.7144326716523098,0.7192930647801085,0.8215875952082945,0.823635897914111,0.9744546465532691,0.9740921619531763,3.986950953871207,3.9346936914005863
codex_lvl_4,0,28.193533602009456,28.647707311081724,0.4625413814411326,0.4786438777147739,0.5351167192974061,0.4786438777147739,0.0007011711611563708,0.0013010930238602034,0.04998462979891185,0.042938174206799545,0.9219267859066931,0.9168957968412789,0.9746794359934395,0.4463139249121483
codex_lvl_4,1,27.989211825706356,27.833994951952246,0.5785370083389916,0.47703797324867125,0.5888709671053831,0.47703797324867125,9.776112503534956e-16,9.446563166218101e-13,0.006978567579510355,0.0012767398746438197,0.9599700252329185,0.9424677448629484,2.0090941086666487,0.8178462333162396
codex_lvl_4,2,28.246312398685628,28.42322257973059,0.6722909537335522,0.6600889048127285,0.5683971393060999,0.6600889048127285,1.2136999025508342e-06,1.553694009095921e-06,0.024245871084691444,0.02449976033676462,0.9529439828677894,0.9509189971162283,0.656619026232782,0.5428103003521422
codex_lvl_4,3,32.63095479011574,32.90090746677342,0.9692893334209406,0.9674218318164222,0.9596312059529023,0.9674218318164222,0.7012511607955993,0.6960077708401095,0.8101717576869834,0.8087857410084847,0.9726701252886902,0.9733252054310795,3.7562485916526085,3.7878673371815257
codex_lvl_4,4,32.042017507078924,32.07099314735199,0.9285489678402942,0.9292458804502542,0.9270430646816126,0.9292458804502542,0.5284050136903348,0.5381068385484817,0.690668082443102,0.692345623462677,0.9629962577633818,0.964074387073269,3.181482302817624,2.846242210857875
codex_lvl_5,0,28.171108531480378,28.64574455596295,0.44639523114684604,0.4738769426882268,0.5168827421548776,0.4738769426882268,0.0007900380051358375,0.001257028285125601,0.05095831725469306,0.0465260301036743,0.9233266218392828,0.916040402496733,1.0245415374849582,0.43418875347526775
codex_lvl_5,1,28.2108003367544,27.931454276382446,0.5839932446888111,0.468811235178247,0.5789394586242307,0.468811235178247,2.4485849562102192e-14,1.4772831454428838e-12,0.01057529184813453,0.0011820446234529908,0.958551568377011,0.9405390573888004,2.835794923311999,0.9086877240807095
codex_lvl_5,2,27.955086935696436,27.9576543106367,0.5476836806396733,0.5459559747322758,0.5228370809739601,0.5459559747322758,4.4917771286816106e-11,4.4376656053324435e-10,0.0024486761303853244,0.0018167683965010142,0.9489331162189837,0.9432803629338228,0.5915439820904357,0.45121515994181405
codex_lvl_5,3,32.3406234084323,32.70316013067739,0.9669104631353276,0.9652218201488374,0.9569460776210824,0.9652218201488374,0.6789026494772858,0.6716216040347919,0.7992433603062257,0.7976410942199248,0.972507633527785,0.97270838423111,3.64151302602345,3.7091592703056735
codex_lvl_5,4,31.636231512734394,31.55097122988686,0.9093797918808988,0.9094919956543623,0.9087169415411964,0.9094919956543623,0.4536592937312194,0.45729922424488734,0.6254202972319797,0.6232969726654918,0.959524553794015,0.9585390164372753,2.7526510302422387,2.3901183078816173
dark_lvl_1,0,28.541308736477614,32.948492066365176,0.9189840625724122,0.971082876055252,0.8907113513405526,0.971082876055252,0.7041475577679354,0.7062000810808386,0.804643017981628,0.8124653272206658,0.9686202069333414,0.9740174686132331,4.4179112536323935,3.7249403979519853
dark_lvl_1,1,28.260153925867808,33.448799570613524,0.9488102347808844,0.9914870752674078,0.8417827316647147,0.9914870752674078,0.7086729829771313,0.7092202302576343,0.8807453506494517,0.8793507045672767,0.981828874159601,0.9840609289811824,4.778583718177425,4.4099554232745355
dark_lvl_1,2,27.80155323703802,32.95639514682485,0.9409941602086994,0.9904332047943837,0.8195952159797009,0.9904332047943837,0.7554649302969818,0.7910887285307144,0.8556713192809497,0.8752853265948837,0.9783096960015311,0.9803212119398897,4.358602241213334,3.325790069975005
dark_lvl_1,3,28.189079903704382,36.37232079094299,0.9274897193094498,0.9851333993636189,0.9330742851521532,0.9851333993636189,0.8200739810045559,0.846113149653269,0.8683536201209587,0.8936210486095373,0.97606054237669,0.9801821779785694,4.604200333015452,4.170248563615226
dark_lvl_1,4,28.194147867703204,39.19987829336023,0.9322343056101245,0.991954813238523,0.9428194599140662,0.991954813238523,0.8721937860026535,0.9166100357620436,0.8959897666433891,0.935045625338342,0.9788494890036187,0.9844326440732448,4.683923512971358,4.39305825062844
dark_lvl_2,0,27.719157479804615,31.954396978410358,0.6079682399859165,0.9642184610309394,0.6396928787065931,0.9642184610309394,0.5938209719932621,0.6321690691787517,0.6910950082942847,0.7719512136411559,0.9616225821914288,0.9701155283591057,4.936447016570634,3.433314831147614
dark_lvl_2,1,27.77281795421365,32.69861740965697,0.6640541483874326,0.9856069190672169,0.631383379401947,0.9856069190672169,0.5523688004742413,0.7282098858916304,0.805355816395853,0.8690626944640815,0.9780203086714918,0.9802405408992374,4.987885855665504,4.423924758776807
dark_lvl_2,2,27.726521532082845,32.25781732177713,0.6522645446824068,0.9869000087502388,0.6374441472601179,0.9869000087502388,0.5633525153845528,0.7117583891931869,0.7638026882682574,0.8446201904339784,0.9767746264987455,0.979766135845204,4.695894780597529,2.283560307943734
dark_lvl_2,3,27.825593463252787,34.69711028793532,0.6033971125704952,0.9787743736667385,0.6614875810730317,0.9787743736667385,0.620619164475852,0.7869662761615106,0.6989718873199827,0.8613963747199435,0.9671263287658778,0.9764431819175833,4.960796088983551,3.942640119981029
dark_lvl_2,4,27.797840674169116,37.89997928361999,0.606512508532192,0.9884241807480821,0.6727103110716361,0.9884241807480821,0.6595990336950389,0.8953759475384879,0.715975986984679,0.9219835772103323,0.970865233691395,0.983143069233932,4.971645974176778,4.257316518183242
dark_lvl_3,0,27.67307226352271,31.54143036313735,0.33085415173963967,0.956878922544416,0.3881985816005031,0.956878922544416,0.4485085302981406,0.5587691327370377,0.5556019626861947,0.7393569615353243,0.9562429355821702,0.9694920769856747,4.99586763324276,3.178719806540502
dark_lvl_3,1,27.746878092711974,32.08566601275679,0.3891403494865022,0.9771590962327787,0.3948064819228885,0.9771590962327787,0.33455471497759404,0.6817179937336851,0.7126261014539342,0.8538574252113609,0.9760981754599397,0.978099398705341,4.999488759625762,4.252226926888855
dark_lvl_3,2,27.749038223242163,31.849909098423865,0.3759989683994862,0.978814474608576,0.4276471779189256,0.978814474608576,0.38088436463283093,0.6672565884726165,0.6722104055477214,0.8148066384595618,0.9748435802300016,0.9780004576532968,4.9844443360564314,2.3327665829981714
dark_lvl_3,3,27.775156339054448,32.29264109397555,0.32367849288843203,0.9605982081789446,0.3918601292638928,0.9605982081789446,0.3746306490984812,0.6567640016940698,0.5153112301276741,0.7956511131706729,0.9586954767716463,0.9729688619397658,4.997349594789545,3.52009880638425
dark_lvl_3,4,27.726550010299,35.29738648396859,0.324731937394479,0.9788003836088341,0.4000619964699648,0.9788003836088341,0.4199284412900627,0.8457813356574911,0.5329400432040862,0.8918507610418285,0.963433943190521,0.9798186127504108,4.998344293170163,3.9549560439644753
dark_lvl_4,0,27.668028381971364,30.91051101371778,0.1726398727202471,0.9343481847856435,0.21993381908019338,0.9343481847856435,0.3052851073493695,0.4713430273026874,0.42922818984823996,0.6922543544307123,0.9532150255652734,0.969241380665484,4.999730177400252,2.7633514248113222
dark_lvl_4,1,27.66490928068152,30.651490308725847,0.2140635246838792,0.948049920290036,0.2676774945199134,0.948049920290036,0.2740602690721867,0.546497885526404,0.6234152350321681,0.7775386865497009,0.9745036283150886,0.9721241229800843,4.999964802664174,3.7764617326138405
dark_lvl_4,2,27.587919347157577,31.108578582712706,0.2031418550160433,0.957135792541661,0.2726957515563285,0.957135792541661,0.271435734510582,0.584876524350134,0.5680631743374785,0.7749072405554484,0.9735842220677605,0.9742437242610297,4.998256105244354,1.8673299834119566
dark_lvl_4,3,27.67292267129969,30.68047358325929,0.16965285343104547,0.923794405356455,0.21621022291540182,0.923794405356455,0.20861812545334954,0.5197222678058314,0.375088460768393,0.7077778090672859,0.9534754134136912,0.968330701947857,4.999781367329764,2.8419088707739446
dark_lvl_4,4,27.623254865317573,32.0175155675981,0.16896561802632476,0.9495999106388257,0.21795966850377904,0.9495999106388257,0.23826500111811233,0.7323421648823636,0.38747102174626674,0.8280657158115723,0.9575582414999713,0.9747477541514403,4.999880563748474,3.3140264619436626
dark_lvl_5,0,27.89941199879162,29.75661041899031,0.08741768341395559,0.8852585363923685,0.12196582627799459,0.8852585363923685,0.18046099560634538,0.3713897521556202,0.2911088409906002,0.6263106530844641,0.9500637652310425,0.9644962963338504,4.9999794549769625,2.200911609729401
dark_lvl_5,1,27.65370476750217,29.558887376292038,0.11445440843750111,0.8934141387728124,0.19304019285012308,0.8934141387728124,0.17000306163801054,0.2526641536352734,0.4700496290865367,0.6221944443632488,0.9721188026644692,0.9675619991643316,4.999997256469535,3.128175281019891
dark_lvl_5,2,27.67129597736251,29.96684235321105,0.10741470460129841,0.9143426892057489,0.16150290714470367,0.9143426892057489,0.16749943082558166,0.32102434652310924,0.42936667831029424,0.6217829565712972,0.9711307425963646,0.9673247912130134,4.999379078595903,1.1802022158077425
dark_lvl_5,3,27.67767406985168,29.535195893839884,0.08654984303635306,0.8453566900804574,0.1201552490578061,0.8453566900804574,0.1036222889064966,0.3296473848980528,0.2481860115133241,0.5574827508246017,0.9491418144864777,0.9608740055234697,4.999975518300447,2.039388564748727
dark_lvl_5,4,27.71027675492264,29.896742309700922,0.08501999452612202,0.8835224996816795,0.12034979656909692,0.8835224996816795,0.1159112653168882,0.4838909795474613,0.2557924399545443,0.6739627736699585,0.9526842807478336,0.9675084995772405,4.9999852692404225,2.3345872231660962
dirty_lvl_1,0,32.1668470259931,32.65623980915422,0.9730819202114858,0.9727786723856686,0.9189885232600059,0.9727786723856686,0.6962507425083129,0.6953493561436614,0.8115757634105694,0.8092492852818118,0.9745301987312159,0.9747169802742578,3.9092000811182386,3.780939264153565
dirty_lvl_1,1,33.383464099768446,33.95219148925021,0.9911962141141272,0.9899450729880132,0.8597345459069653,0.9899450729880132,0.8761181319621083,0.871883084801779,0.9212560901519591,0.9195374112752375,0.9852744229491465,0.983156012575037,4.482246257851449,4.400321194412278
dirty_lvl_1,2,33.450375383276274,34.016187681547024,0.9938388723844346,0.9925130438724229,0.8652116675022595,0.9925130438724229,0.786537239518943,0.7830044678750521,0.8815740176625558,0.8802224481464211,0.9835006613380437,0.9820254114771886,3.861564285325886,3.4019036260297204
dirty_lvl_1,3,33.077964691959124,31.70526558976419,0.9620630879634247,0.957595972915684,0.9328215847694928,0.957595972915684,0.6949916285708645,0.6679778138529348,0.7855049834335157,0.7581938360014541,0.9738007569383305,0.9739936454264123,4.035190336915462,3.387930728487179
dirty_lvl_1,4,34.18355690602735,32.42407834566321,0.9704621495022974,0.9658019018780774,0.9416172902738772,0.9658019018780774,0.7734505337431441,0.7386141336144123,0.826790750079095,0.7972157544098291,0.976296868044285,0.976864526171796,4.154922071519414,3.461074998782917
dirty_lvl_2,0,30.3037394950273,32.371501639901055,0.9651203770035282,0.9665520805139758,0.914343548159075,0.9665520805139758,0.6748943782586373,0.6659894740686352,0.7945102145219365,0.7898515046133006,0.9731481030258137,0.9724049225369259,3.6752368431163065,3.6118692001562454
dirty_lvl_2,1,29.973876702020725,33.54089321783678,0.988646153118793,0.9912065645567725,0.8691268030137433,0.9912065645567725,0.8694843536551722,0.8576883668531705,0.9188826005127616,0.9127610777169046,0.9856177425794213,0.9838297601038022,4.188607636658571,4.238066729576464
dirty_lvl_2,2,30.16634994323374,32.9089277805908,0.9885741376336851,0.9887110152071574,0.8038620747807746,0.9887110152071574,0.7923748565005428,0.746100183646603,0.8677751929681132,0.861245069616213,0.9820288549514623,0.9801482667305781,3.5175711370146487,3.131218441353416
dirty_lvl_2,3,28.951855666548482,31.28851711770561,0.9502369723115699,0.9524497753237342,0.928886038070643,0.9524497753237342,0.6472486206340186,0.6269279796704916,0.7568875500444374,0.7377912681487346,0.9728952034330846,0.9728360271670616,3.8426717032763307,3.3154836462757658
dirty_lvl_2,4,29.007990388694086,31.990736955149693,0.9592375453498148,0.9621535623374298,0.9359007018156291,0.9621535623374298,0.7238939187360222,0.7041023962516333,0.7968155790657839,0.7792768425291252,0.9753550921128163,0.9758249955131681,3.91248651565209,3.404059440359681
dirty_lvl_3,0,27.92430687588932,30.794662744642917,0.8868688225363893,0.9257073220575659,0.8527463517146832,0.9257073220575659,0.46112651614008804,0.44041320004837414,0.6561826676134423,0.6486359394946268,0.9651547213867357,0.9637003253004858,3.3260231791818913,2.4200944763875367
dirty_lvl_3,1,28.108700127529076,31.946413387251273,0.9551221090778385,0.9857216691175171,0.7978085197546841,0.9857216691175171,0.6809119204664621,0.6209968402568291,0.8461690193370733,0.8312832628086336,0.9816977674621178,0.9774388558232963,4.439570233434561,4.258233351288997
dirty_lvl_3,2,28.268854164892474,31.078386352999452,0.970699172688828,0.9787155774895501,0.7447168056236986,0.9787155774895501,0.5968654218357666,0.4714915765315961,0.7555723551739858,0.7056805451919106,0.9773093007061183,0.9721798834244607,3.4381824185627075,1.9987471666703216
dirty_lvl_3,3,27.68848583093923,29.892433776138944,0.8872489397146255,0.9164420696091382,0.8736706576618031,0.9164420696091382,0.47345193031785593,0.430310527505187,0.6427157657003284,0.617095611684307,0.9659251483634891,0.9668473972585069,3.637462547421709,2.6181929793386933
dirty_lvl_3,4,27.642226279875107,29.968037277691106,0.8935172442294613,0.9152895685931391,0.8713328459927173,0.9152895685931391,0.5262063304357167,0.45471490516684443,0.6667219863020722,0.6143030507099758,0.9674278831430695,0.9672627974880185,3.6409821402283917,2.5521929549667832
dirty_lvl_4,0,27.471680969098937,30.146080981705616,0.8212469712557252,0.892335293558403,0.7785533628735016,0.892335293558403,0.3777737738388925,0.3478078195987789,0.5866528520197258,0.5697583387683084,0.9608387255181605,0.9585070253309592,3.3323572953691825,1.7258524283755816
dirty_lvl_4,1,27.64111930917496,31.015579527590624,0.9074790450444619,0.9764126244500502,0.746074454807816,0.9764126244500502,0.5119126764843693,0.5551237430713769,0.7672517778875181,0.7910033640804253,0.9793137096061834,0.9751245724465889,4.447104087343286,3.748621257695397
dirty_lvl_4,2,27.864769771202326,30.6805599038144,0.948564691007527,0.9718689552600588,0.6748890200667458,0.9718689552600588,0.5395819986821854,0.4512311782558118,0.708654197945007,0.6661106787851464,0.9771972199687257,0.9714021488058913,4.121116252733707,1.5445599020778167
dirty_lvl_4,3,27.516906233536442,29.025664493957514,0.8186007741230715,0.8713895798130569,0.7896768878728612,0.8713895798130569,0.3559835041567871,0.2619435668143796,0.5359771015623085,0.45114868669644403,0.9599111935359635,0.9576402624454399,3.803678222354852,2.1572378185381966
dirty_lvl_4,4,27.524736006524293,29.015486003355203,0.8259556794646149,0.883405270920466,0.7813134750449913,0.883405270920466,0.3854342000159104,0.28818797903743754,0.5465964539998529,0.47075112924391066,0.9607630606234103,0.9577426280962645,3.8053233899078265,2.105783109886265
dirty_lvl_5,0,27.757344661711016,28.89702295275268,0.7026843091247059,0.7898743214121852,0.5400542763443295,0.7898743214121852,0.13776414601448372,0.0801482633412113,0.3682610861929634,0.3141990737187754,0.9496922591919433,0.9458844219861628,4.6766696508108545,1.1178056026299927
dirty_lvl_5,1,27.634180122764917,29.429167840482688,0.8433001107050067,0.9641500479094174,0.5719269160493603,0.9641500479094174,0.21720473398243054,0.22226843173676744,0.6350769433799535,0.619184289118555,0.9745382171569089,0.9731030397575567,4.939542340042854,2.8809821222140735
dirty_lvl_5,2,27.739971786035117,30.026087571829517,0.895462154802631,0.9743152146567886,0.5203166629375302,0.9743152146567886,0.32254308556587885,0.3050172445986621,0.6239745268994096,0.605672784395354,0.9723366411293219,0.9715924001359014,4.809049134897251,1.6526171511543006
dirty_lvl_5,3,27.80046969874965,28.34960426656792,0.6676480703720442,0.7498363958514374,0.47347922004372633,0.7498363958514374,0.06412476569947839,0.033267082214568866,0.24602187050622673,0.20078233086270866,0.9467950549972096,0.9452027732847816,4.924590018986651,1.4443226413342742
dirty_lvl_5,4,27.78518251836286,28.360495826344305,0.6734624419682773,0.757465796638519,0.46221114292148624,0.757465796638519,0.06535362301189124,0.03151993511672583,0.2438900056008413,0.19718120976206382,0.9474774390569021,0.9448721002692477,4.9285749396909235,1.4305602134154147
exp_lvl_1,0,28.409446647313445,30.707080096611456,0.8354551306500569,0.8836484950993324,0.7941690186423462,0.8836484950993324,0.3872768839622784,0.3511895896883433,0.5648476983708648,0.5710918655307874,0.9551283948467948,0.9568477350452996,2.1297916210347116,1.8080002719593384
exp_lvl_1,1,28.06296299339231,30.656378581546647,0.9178836442597463,0.9594523925310496,0.7320388594646494,0.9594523925310496,0.33127206815976046,0.27579529787942353,0.6388666036362255,0.5836677028167079,0.9777064149328858,0.9677926463877546,3.277607334563669,3.2319664435121513
exp_lvl_1,2,28.58507575449243,30.116779123537313,0.927497215172535,0.945865161144807,0.6405638955452899,0.945865161144807,0.312166614082038,0.2655554659488059,0.5736963784263578,0.5554867688303906,0.9731461826530883,0.9648907491938145,2.3345205099243027,1.3485326806314257
exp_lvl_1,3,27.848519936256103,31.064354686850002,0.8421199569968544,0.8244267216687506,0.8385194808349321,0.8244267216687506,0.3610547108848317,0.25717480430975964,0.5200108250690196,0.41856623520252756,0.9555729602534611,0.9479885986548252,2.247204672272946,1.5004150630800486
exp_lvl_1,4,27.88396553182932,31.441316867012805,0.8461678146508053,0.8332236963547325,0.8316337658553208,0.8332236963547325,0.3688810460367325,0.30227038475641166,0.5256661945952174,0.4707890496107439,0.9559562570183447,0.949950222568624,2.3116837091347273,1.4683052043915321
exp_lvl_2,0,28.43269119935734,30.003364116745217,0.6839585158742096,0.7802496615448306,0.6579056842445266,0.7802496615448306,0.1656458026552338,0.1715437124816193,0.3501294080802083,0.38649835993707804,0.9471535496954834,0.9462316619085733,1.5883818209310294,0.9191885104720936
exp_lvl_2,1,28.382443040933957,29.5615055295047,0.805038801591473,0.8769755281723246,0.6055259530763745,0.8769755281723246,0.05527164323097353,0.045312977490539266,0.35252711376272844,0.2985432875457102,0.9713011231462215,0.9589604093862197,2.662184647534789,1.7930825812474858
exp_lvl_2,2,28.852230530165205,29.306945158609725,0.8300158218120084,0.8414812606524421,0.5214504056412997,0.8414812606524421,0.04267029558765012,0.04038668002258643,0.2929848369140135,0.23794108811661693,0.9663183078481232,0.9525956779012523,1.6931956216378734,0.5022597554028674
exp_lvl_2,3,28.082340096969276,29.75085174507027,0.6643462487916048,0.7178023298301852,0.6930124934038014,0.7178023298301852,0.1019300873912984,0.05981979602577062,0.26755129382456433,0.2181147196477239,0.9440264414934898,0.9355769886117791,1.6895001048608214,0.8539955569614055
exp_lvl_2,4,28.145369876308717,29.929160655629552,0.6728467055860158,0.7426393719909732,0.6831305996739353,0.7426393719909732,0.10928770606658865,0.08383648578717771,0.2735450480426899,0.2544446642331792,0.9453566780144167,0.9396589190897394,1.7053030817415682,0.9470987307790234
exp_lvl_3,0,28.649776374994623,29.626033946293774,0.5579579316229949,0.657600785377066,0.5122297705652651,0.657600785377066,0.04245814834004773,0.07478880922799817,0.169124428651647,0.2395106502986022,0.9413848680639123,0.9365704615560739,1.2881334162878346,0.6142000284999652
exp_lvl_3,1,28.424823132853906,29.28601919158959,0.7302099644053872,0.7887220268676415,0.5330368761674253,0.7887220268676415,0.00823791869280933,0.003929564497144927,0.22911551224178905,0.13444897823461838,0.9682578016367664,0.9500799105018303,3.211380176477005,1.1062237251813474
exp_lvl_3,2,28.560536751737743,28.72911760522318,0.7803429457936112,0.7589922053098538,0.4006421252804682,0.7589922053098538,0.003095256952909103,0.003781217205672579,0.1601626177081199,0.13001938014788625,0.9638537229350235,0.9453753274416423,2.7688609792826124,0.32293265728452425
exp_lvl_3,3,28.088383574700245,29.257265489061425,0.5451312418827776,0.58833030620509,0.5733118950157615,0.58833030620509,0.02397230841646095,0.015201817106426898,0.13823875918996142,0.10705942405098062,0.9399977817837831,0.9267184780883113,1.661288720920973,0.6198697318480768
exp_lvl_3,4,28.190967994512203,29.357031030585684,0.5548392860663425,0.6028396352614082,0.561700181534901,0.6028396352614082,0.02580604880486677,0.018638804792998804,0.1425059819480331,0.11479581169837107,0.9406016414674181,0.9284137648416625,1.6760349031744026,0.6189245029284309
exp_lvl_4,0,28.568124407084966,29.25704010110085,0.49505315351497636,0.45128654105312926,0.35885787562588595,0.45128654105312926,0.0010159144656289511,0.005513938250795918,0.0512152439146288,0.06019356020199417,0.9355630412190357,0.9219909384742715,1.2028583827767685,0.4049230622745559
exp_lvl_4,1,28.23440766684743,28.862904544949917,0.6933415160622152,0.73773484379814,0.4707624668275724,0.73773484379814,0.0026302785859041856,0.005326508672432203,0.17610868642294927,0.13235166036027055,0.967763436908914,0.9493628825756703,4.753400959345163,0.9344572299425226
exp_lvl_4,2,28.499928202989132,28.657410600648955,0.7635460722110792,0.7388604876717764,0.1790069595132292,0.7388604876717764,0.0007284590961588079,3.2003508831223506e-05,0.12382151119391827,0.04161953396373448,0.9636396468876649,0.9485724293557635,4.841647862562483,0.31526180075919424
exp_lvl_4,3,28.047521032726234,28.817862758970023,0.47547890202433357,0.4701307422398606,0.4271011549528355,0.4701307422398606,0.0034447021487057175,0.0017305889827001163,0.07203763221611585,0.04538504400118429,0.9355814348449643,0.9200307455735481,1.870105243494067,0.4693839264372199
exp_lvl_4,4,28.16017141338802,28.985214972862217,0.483915436642917,0.47116478194609723,0.4017788162884365,0.47116478194609723,0.0032538346720163568,0.0021136468051291294,0.07248253780349692,0.04358453320031191,0.9360120491643188,0.9192093441815348,1.902643612734579,0.4646507049715886
exp_lvl_5,0,28.534621883121588,28.942748715236245,0.4936934514794871,0.35440850870635354,0.25715656840247497,0.35440850870635354,4.316312373489822e-05,3.88446068340499e-05,0.029086582029244964,0.009632357934598141,0.9339963118441185,0.9083247208402034,1.3710888964508503,0.3030561170364634
exp_lvl_5,1,28.078192384139562,28.275937071579573,0.6820370057588082,0.6193225814997898,0.21187355700614643,0.6193225814997898,1.4756146591285003e-05,5.42282525138861e-06,0.08361554089354935,0.028114752268621354,0.9674253678690214,0.9459732376285906,4.995931897204395,0.6545464338504731
exp_lvl_5,2,28.324567618488242,28.40179352552536,0.7614814967947225,0.7459146554581629,0.07455165590276722,0.7459146554581629,3.069731816507107e-05,4.083687944689398e-05,0.07398946846464152,0.04995527290284382,0.9640826648927528,0.9520753651193473,4.9999718966505675,0.2584497327681315
exp_lvl_5,3,27.904689131483067,28.38164914565855,0.46370631139847357,0.33992998602583036,0.2572239748264449,0.33992998602583036,0.00018183720217465523,3.818180461733171e-05,0.0437387847724521,0.009929065032544484,0.9333901392375862,0.9096013624806075,2.6995178143270486,0.35210398156366873
exp_lvl_5,4,28.034293960427824,28.44847159192231,0.47456834355355576,0.35949541552278097,0.23663146985240902,0.35949541552278097,0.0001111948509193814,4.972897724444527e-05,0.04172077646405335,0.011036503159085522,0.9334953406141258,0.910344914561151,2.9990181458168124,0.36553251631057704
gauss_blur_lvl_1,0,28.237176487419493,29.335421491555177,0.7226542132173731,0.8101593304099881,0.5196151650355274,0.8101593304099881,0.07201146237349557,0.1361586954987,0.2668848544911988,0.36454307253226076,0.9497060187220238,0.9501674936194251,4.995336902790757,3.8035433362820377
gauss_blur_lvl_1,1,27.739747499713566,29.314187552774694,0.8510827284633439,0.9606926866445996,0.5141575851599754,0.9606926866445996,0.36789660202529184,0.397769736028732,0.6465215318076496,0.6904233322675266,0.9751859099539724,0.9755255797867,4.999749019089897,4.251213082764994
gauss_blur_lvl_1,2,27.67285816434972,29.443143269610232,0.898358330181086,0.9714458637215543,0.5941633745646839,0.9714458637215543,0.3712586331285953,0.4555834033945467,0.6014295902771395,0.6831167704845785,0.9740832272255918,0.9753208271198059,4.99583642485579,3.846283661409226
gauss_blur_lvl_1,3,29.449364406217565,29.557902658050878,0.8509116959154666,0.8937765588931519,0.8206652832967166,0.8937765588931519,0.3535063164064146,0.42895017571846583,0.5380488319532452,0.6151008518168889,0.9612624650298647,0.9616957914895043,4.883328902105287,4.318714656600284
gauss_blur_lvl_1,4,29.527187650248838,29.682726799703325,0.8543130407225968,0.8994038696245903,0.8202598238370407,0.8994038696245903,0.3643561528766193,0.4504945551062368,0.5420717548885395,0.6274614837676773,0.9617138280808326,0.9633877183585919,4.911206894084766,4.393739058761879
gauss_blur_lvl_2,0,29.662362321449372,30.203715020649533,0.8440250226284001,0.9047392709218074,0.7414654151464772,0.9047392709218074,0.29530234867864713,0.45716480023970874,0.49382851832391245,0.6386319404604713,0.9600756175153217,0.9618750677022879,4.965817855935977,3.6897300884245703
gauss_blur_lvl_2,1,28.22345154758657,29.6570229640906,0.9319330777679684,0.9752689045659545,0.6549412501803006,0.9752689045659545,0.5769527314757787,0.528461041794782,0.7555348681120952,0.7717320238552432,0.9791978342708156,0.9791884546867409,4.895843651035079,4.391815909043726
gauss_blur_lvl_2,2,28.73093440222047,30.33069611049608,0.954992111253227,0.9822162817017602,0.7095803092923509,0.9822162817017602,0.5467938332642345,0.6360666770071205,0.7145135347607882,0.7794070565215935,0.9775198410688458,0.9774413802508628,4.879429018877174,3.869893958852016
gauss_blur_lvl_2,3,28.225715811294222,28.606180070468437,0.71754409919861,0.774761941580497,0.5993111691600459,0.774761941580497,0.08881244590765458,0.10795924244429406,0.28245571490606636,0.3107245059606891,0.9502632159096008,0.9514871738733468,4.985158340376283,4.406433067137695
gauss_blur_lvl_2,4,28.21714716375571,28.65818022398472,0.7218960967341113,0.7785510614747231,0.5994058737670043,0.7785510614747231,0.09683418197835425,0.12271432495877996,0.28680317477350337,0.3218941891554301,0.9503054850738635,0.9514795919240613,4.988367508665441,4.3264239278757834
gauss_blur_lvl_3,0,27.917605332998615,29.127787272386534,0.67858445146788,0.7478984090547206,0.42324561088641666,0.7478984090547206,0.035053848850509134,0.04788722217798984,0.20162952700458625,0.23159976635488796,0.9439781392758438,0.9443113304900597,4.998028243926101,4.807808870054356
gauss_blur_lvl_3,1,27.658966934825422,29.224745528623572,0.8153662002865486,0.9420281360924627,0.40999971593117696,0.9420281360924627,0.2548204213215668,0.3316742898046471,0.5775968030543661,0.6172381136110215,0.9743962258152941,0.9737214004429795,4.999981797559075,3.5518110059589074
gauss_blur_lvl_3,2,27.665140202481034,29.098241970472642,0.8670472322794485,0.9532716984329079,0.5044245357463286,0.9532716984329079,0.21201162186413225,0.27227100549960936,0.5224237578712385,0.5678943333447665,0.9716640284170549,0.9728372886615456,4.999376907665637,3.5848669283724393
gauss_blur_lvl_3,3,27.91944989480382,28.300095794315958,0.6480899590997742,0.7017570749075117,0.4386826189443055,0.7017570749075117,0.0318037239669007,0.03023723961000687,0.17941435064888808,0.1798531558461098,0.94466163102827,0.9432308607497799,4.99720262292663,4.689764625764571
gauss_blur_lvl_3,4,27.926178994515286,28.35124693298729,0.6525230146364543,0.7077668901355669,0.44068147523994,0.7077668901355669,0.036149048514686075,0.03531695346364204,0.1848981250220843,0.18964926594208473,0.9438324619748382,0.9436534296537787,4.997562639714102,4.650143334925146
gauss_blur_lvl_4,0,27.80522522153896,29.03495676252611,0.6516712020297772,0.7297063090192817,0.3543127818189152,0.7297063090192817,0.02628023059424349,0.03299845842896217,0.1754015583087833,0.20489620785953744,0.9428799747426668,0.9418126068557938,4.999251286106179,4.951278418917567
gauss_blur_lvl_4,1,27.67469430323507,29.258703695298216,0.7949107237737609,0.9197015998292041,0.3105472149927526,0.9197015998292041,0.17623568113068172,0.24938599867943195,0.5167142215868913,0.5518801949981318,0.9718714597060931,0.9718345603842367,4.999999763325019,3.358224998117257
gauss_blur_lvl_4,2,27.539237567633535,28.968800990208155,0.8462612740870702,0.933434605940823,0.42178503276225204,0.933434605940823,0.11663309397369241,0.14920775437483325,0.4452042733997468,0.4462285998021361,0.9699992270104404,0.9703638537314614,4.9996867447663345,2.637339561287439
gauss_blur_lvl_4,3,27.850373743333332,28.21823738693937,0.6074767521201488,0.670664057364513,0.3305356725225646,0.670664057364513,0.014663141572614002,0.014899729827213163,0.1333139794281984,0.13293399385153895,0.9419995859026131,0.9401387741385145,4.999191871647991,4.704416936990527
gauss_blur_lvl_4,4,27.866084625520813,28.304217474339524,0.6111472043188965,0.6739057476454551,0.3325069264525018,0.6739057476454551,0.016425598350966412,0.017562059952116862,0.1366418465458889,0.13927159024590527,0.9409385957087759,0.9408964547852614,4.999404419159211,4.650744058089421
gauss_blur_lvl_5,0,27.73204239929163,28.936122205234874,0.6314509033012984,0.721541259967114,0.31843811286097046,0.721541259967114,0.02353201193233926,0.027765002017737662,0.16393875183820023,0.19324501865060256,0.9420167817637334,0.9413362250148632,4.998837533972795,4.9744320336695775
gauss_blur_lvl_5,1,28.249601458127632,29.279579153583146,0.7785355143620898,0.8829600897452609,0.23377181167998623,0.8829600897452609,0.09273700488951539,0.1465757409826088,0.4275754673374259,0.4647416334974209,0.9712309817167847,0.9684909331419502,4.999999709238376,3.8257955797560523
gauss_blur_lvl_5,2,27.474112371218645,28.67071563687424,0.8285929871517478,0.9048618985790875,0.3339181055851718,0.9048618985790875,0.0563528926849676,0.06081737457790154,0.363872112761896,0.3205480430900859,0.9692549463975043,0.9676666690761374,4.999088599786045,1.894677591430485
gauss_blur_lvl_5,3,27.882086121243617,28.1838378948903,0.5849363611855306,0.647125813269398,0.2751964628784246,0.647125813269398,0.007081921590745584,0.008616532801525415,0.10716729270025413,0.10999099573225452,0.9387919642623342,0.9392469981581243,4.999624223550586,4.617166101486779
gauss_blur_lvl_5,4,27.906288184993787,28.26650428809916,0.5891249458313699,0.6522778197373077,0.27756528236354083,0.6522778197373077,0.008482243856325582,0.010395805384068639,0.11056445388596489,0.11547746552613943,0.9399326551973022,0.9401670661749721,4.99967025722218,4.66091252563362
noise_lvl_1,0,30.828450446469642,31.212353788694696,0.9257703500287269,0.9349192191555863,0.8801572019846506,0.9349192191555863,0.5180197876018999,0.5448903689670479,0.6972011819362148,0.7119284517639959,0.9672254526169989,0.9682466900898379,2.856082097947602,2.888519286259379
noise_lvl_1,1,31.018913015803808,31.577036071930905,0.9859778999961479,0.9844287707656603,0.7952934817939884,0.9844287707656603,0.746941420259581,0.734915732313483,0.8579375967148806,0.8560525409682462,0.9810419224311919,0.9801872625049465,4.405478273905552,4.292688679590185
noise_lvl_1,2,30.36832444673877,31.271987531044005,0.9815266734532871,0.9826768322303129,0.7878851377545373,0.9826768322303129,0.5904218018028987,0.5870398614854535,0.7681111049457359,0.7705502175501617,0.9760535764567948,0.9758647922192245,3.243400689775446,2.510427746974681
noise_lvl_1,3,30.80412973507741,30.96684821504966,0.9084592994949886,0.9144380857145404,0.9243994510935382,0.9144380857145404,0.4787769136093771,0.492989174574757,0.6657367200533827,0.6758477281893893,0.9654048759061237,0.965913754119184,2.758007457768874,2.7751208673789107
noise_lvl_1,4,30.678306496370094,30.989828744197485,0.89903417445847,0.9100496921912152,0.9289911559526971,0.9100496921912152,0.4649557412740527,0.4889166983173222,0.6547676641800921,0.6701290929320382,0.9644295117395931,0.9654831444867157,2.498292785526891,2.514391623453393
noise_lvl_2,0,28.951944332678764,29.953769076943594,0.821258340818405,0.861385859462437,0.8026855311933854,0.861385859462437,0.2628150759916914,0.32478723346705773,0.4944704825319943,0.5447612103860644,0.9550947677942349,0.9588892072969274,1.770890725113924,1.7293221209843024
noise_lvl_2,1,29.107286544982856,29.432316670650817,0.955546836905652,0.9519497213055006,0.6913398847965575,0.9519497213055006,0.27771419843242856,0.2508709379019185,0.6350988692765919,0.6159068145439545,0.9729752785739056,0.971504788749202,3.0384409287069407,2.7272852453699286
noise_lvl_2,2,28.813049088251425,29.48939165480435,0.9544717530401116,0.9572569307976109,0.7215545931934176,0.9572569307976109,0.33092507249260955,0.3341547494334901,0.6075423514220517,0.6111915680806813,0.9688902246339018,0.9692244696502138,1.8264800036492752,1.495777215782209
noise_lvl_2,3,29.09740642645115,29.477620367339945,0.7798049691645754,0.7953579059166181,0.8564085208432608,0.7953579059166181,0.21554344968108302,0.23223904862392575,0.4372514846074794,0.4500074351117169,0.9547835385077325,0.9551545103453923,1.5894074568881764,1.5635557390963872
noise_lvl_2,4,29.11675973285403,29.542540816663333,0.8095007416543964,0.8244279243684517,0.8600955025593169,0.8244279243684517,0.22275556510477096,0.24396206455099131,0.45829533385147214,0.47354079417074674,0.9533799493627431,0.9553797463994861,1.8015904692750409,1.744866956313913
noise_lvl_3,0,28.2593236531809,29.308846358703597,0.754063329288212,0.795255407730692,0.7407359865521136,0.795255407730692,0.10194466493972468,0.13956177485294713,0.33376662285066194,0.37832466954818234,0.9466142315572245,0.947761172963076,1.3331223160162025,1.1784999230917674
noise_lvl_3,1,28.22030647039071,28.717855780381857,0.9278630603024782,0.9254946099784502,0.6434360661921616,0.9254946099784502,0.04112098671562116,0.04373277871966986,0.36948184372111254,0.3601148705413506,0.9667885216701485,0.964828473776232,4.28193852029514,3.7497973748751594
noise_lvl_3,2,28.129206510335983,29.358172326514147,0.9442902362142381,0.9405839716676536,0.6825749573489884,0.9405839716676536,0.23450698783646573,0.20984871050782947,0.5456746958061774,0.533055240112627,0.967581503809381,0.9642399367931344,1.5531282330882625,1.1102576328071991
noise_lvl_3,3,28.36174802783465,28.892293198131785,0.729241175385415,0.7297420113816168,0.7833830835792616,0.7297420113816168,0.08412889354100914,0.08696015590403049,0.2845917090112564,0.27395274927215746,0.9433342663956779,0.9439098894838509,1.3465959865405224,1.1506587064677385
noise_lvl_3,4,28.20917355292199,28.681463966842347,0.5778163588402074,0.5937078425823146,0.764109967487997,0.5937078425823146,0.03054600609591524,0.03653001399976546,0.157365106315778,0.16402027971952715,0.936251510001343,0.9360718099449994,0.8912814024321085,0.8326298426654084
noise_lvl_4,0,27.93324378385931,29.05969262177713,0.7295327814341978,0.7528153633198702,0.6966571639595611,0.7528153633198702,0.055090439395971184,0.07951666307391564,0.24712478830223467,0.2838245838689302,0.9397596314818264,0.9422330190063013,1.20351977153158,0.9187596278762697
noise_lvl_4,1,28.104409601824003,28.642763035027127,0.925953305342997,0.9196347824714768,0.6630989215710182,0.9196347824714768,0.013619301442977353,0.019903214272695046,0.3328052589768541,0.31507609544104437,0.9663658706952232,0.9605170427084335,4.564738286287942,3.7790488164981353
noise_lvl_4,2,27.955849520374763,28.861130623540838,0.9110238589508357,0.907802252383437,0.6647278931795182,0.907802252383437,0.045069558270578375,0.05489815274968851,0.33383504218982396,0.3275674324012999,0.9607406116258775,0.9594531276759335,0.9334313680584525,0.8104706671754246
noise_lvl_4,3,28.024430512895208,28.600740915396813,0.6856921241858916,0.6806843231434637,0.7247777638376619,0.6806843231434637,0.040215962462427125,0.04360437575823303,0.20630147782174335,0.1959045850072555,0.9372822247643647,0.9372835826558352,1.1892329216992639,0.925808753119223
noise_lvl_4,4,27.996765653195045,28.43266574400712,0.4920774303788461,0.48847341809787864,0.6886997871575635,0.48847341809787864,0.012338824632393124,0.015235504419689702,0.09522031810021973,0.09836268513596233,0.927785877746962,0.9271965411620284,0.7317153727859951,0.615749334150121
noise_lvl_5,0,27.797302070232305,28.93286325356254,0.6606112172699519,0.6710656950851398,0.6343998075630624,0.6710656950851398,0.02491679915300265,0.0400168387482394,0.1706931843391902,0.19913228520401824,0.9340107300470641,0.9326271796262497,1.0546760104107136,0.674096722886228
noise_lvl_5,1,27.919897125109717,28.378147276873413,0.8914145959896765,0.8967350104349473,0.5901984925309891,0.8967350104349473,0.021348596693162556,0.02354791880241384,0.2981356002740643,0.26215580391656534,0.9639170341607763,0.9588208700179582,4.484589975159599,2.684505756329798
noise_lvl_5,2,27.7904197967008,28.69316909786064,0.8998141022429789,0.8979540961336303,0.6545443033053914,0.8979540961336303,0.0201538537931085,0.0272429979353131,0.2908905979798542,0.2606297885610254,0.958666754637841,0.9551541222590487,1.282880218796088,0.6580103030971676
noise_lvl_5,3,27.925653103865137,28.431284097529904,0.6423536664546448,0.6237410136465692,0.6652910413412754,0.6237410136465692,0.019341428359441037,0.018702996821203847,0.15274674522902018,0.13375406192577258,0.9342980740799864,0.9302658493441884,1.115147603292207,0.7749955465385785
noise_lvl_5,4,27.905030148490173,28.374743501721053,0.4786303298150994,0.45795900341741985,0.6313177107640102,0.45795900341741985,0.006843615177379029,0.008127337933645055,0.07441552956628388,0.0732162167924674,0.9211262197393314,0.9215549768471714,0.701869532719158,0.5344733515024895
rain_lvl_1,0,27.564219533078816,30.566975533242214,0.8510099995831336,0.9005784828224602,0.7384547446448814,0.9005784828224602,0.5202430086869004,0.5370503241867889,0.6691502676589931,0.6915078411618999,0.9576507036359496,0.9618837857107172,4.2837588738063745,2.5587215652031774
rain_lvl_1,1,27.737194611448924,29.178731073530333,0.862819670319867,0.9137735272426261,0.6362536242820424,0.9137735272426261,0.2950735413622659,0.31447808581679876,0.651019932560241,0.6420040254292301,0.9745080965454831,0.969155964455465,4.982055141951457,4.151848162825422
rain_lvl_1,2,27.615208437475722,30.0612913527916,0.9082531261689275,0.9536068106670473,0.6533594680767836,0.9536068106670473,0.39593253128393535,0.4375469759791761,0.6311611691709567,0.6556067237385722,0.9709373595583534,0.9711479896929244,4.670079020729268,2.1188181867764224
rain_lvl_1,3,27.817360786539396,29.797773636826285,0.7725477965077372,0.8174825297058278,0.6458241902807059,0.8174825297058278,0.30404466156226256,0.28983530757128106,0.5140766456171554,0.4924225891636132,0.95075534764837,0.9524543954671137,4.551043321660687,2.207206343758566
rain_lvl_1,4,27.688891241746898,29.977003286020448,0.7823866343731539,0.8292512934013746,0.6743810215308681,0.8292512934013746,0.3109833599942535,0.326493380331764,0.5072986775467588,0.5152740414551239,0.9510720347348196,0.9520854406044762,4.635631268067982,2.036133727787444
rain_lvl_2,0,27.684149186436393,30.26411352124701,0.8085325803136182,0.8588307999162172,0.6972162207732245,0.8588307999162172,0.4343156692345235,0.42336400898062276,0.5995675967050326,0.599537580550514,0.953242869231745,0.9581050164463856,4.377223814238495,2.0151513368489695
rain_lvl_2,1,27.622412325844014,29.334810978784475,0.8445546000540946,0.9200465556254716,0.609487352519116,0.9200465556254716,0.274572292507577,0.306363100157692,0.6498669159759171,0.6454363493199492,0.9747984679821015,0.9715086541425607,4.998252702157877,4.658962166133763
rain_lvl_2,2,27.673721285069387,29.780698353758865,0.8864715544825611,0.9492908336823173,0.6076451433148691,0.9492908336823173,0.3479265345117285,0.42634619789325673,0.6209912907476025,0.6453610449362513,0.9713181149098514,0.9709167389391148,4.7103529327972025,1.801086755760029
rain_lvl_2,3,27.701351322324605,29.61122312289152,0.7143995968074983,0.7714658081535527,0.5552638864993796,0.7714658081535527,0.2214603580624043,0.20703333638473306,0.4366947416720791,0.41362088841882944,0.9470778487632512,0.9482414307707668,4.70145934113578,1.9661338599768583
rain_lvl_2,4,27.679570431448823,29.71554216167618,0.7339248360179343,0.7867778234971727,0.5866258708062807,0.7867778234971727,0.24044335577599987,0.239579207708766,0.44554830718062555,0.43004819667794325,0.9481587991157083,0.9473307360152726,4.756549159377526,1.828270263990024
rain_lvl_3,0,27.73313897989275,30.17607402563021,0.796400235926566,0.8490861235693404,0.6810895802837531,0.8490861235693404,0.4166408597686234,0.3891708153725002,0.585415526923311,0.5754163556158136,0.9519313902950444,0.9550360883935742,4.357428387691012,1.8294012017994898
rain_lvl_3,1,27.62084288715674,29.348747481998338,0.8322496749620936,0.9135556863103633,0.5885213217877105,0.9135556863103633,0.279622759399039,0.35166560358649185,0.6331640344450701,0.6486537716820213,0.9746020670578438,0.9705372244834147,4.99907020525879,4.649606893438048
rain_lvl_3,2,27.650084576844186,29.941123687468657,0.8813147650093722,0.9485936042609584,0.5903500183857904,0.9485936042609584,0.31770234323009217,0.3628068339410026,0.6100442758017104,0.6089269181473084,0.9704884935524244,0.970772541543493,4.522195591418585,1.6518919225283055
rain_lvl_3,3,27.695537531125296,29.54884469372262,0.6978114899119783,0.7558482701790631,0.5193455951759313,0.7558482701790631,0.18712270293722447,0.17287655427890247,0.40473043303449696,0.37803134540450384,0.9467346587938609,0.9465063275313601,4.751291972323211,1.8539162343092337
rain_lvl_3,4,27.692219404803012,29.588776570431392,0.7182987313636696,0.7670846458234025,0.560663026679509,0.7670846458234025,0.2151797995069531,0.2108613044183337,0.42014019695952315,0.4008644183036029,0.9470122947681283,0.9454648201386417,4.778277608214603,1.695782988381758
rain_lvl_4,0,27.75999805545122,30.18913726928365,0.7898450218681096,0.8437009376180896,0.6745410721753718,0.8437009376180896,0.4140529911506087,0.3863836344306181,0.5787926082248716,0.5694641802654632,0.9520431010682252,0.9532509364066445,4.42237903839421,1.8244241185533823
rain_lvl_4,1,27.603083589529277,29.490829528619727,0.828679963797671,0.9363407484945947,0.5698440227465292,0.9363407484945947,0.2599175432596463,0.34644188043228047,0.6483507723835705,0.6824159164031905,0.9748705086040321,0.9736394698674469,4.999374742713974,4.741461320812074
rain_lvl_4,2,27.61903550621581,29.888688969004033,0.8773543433880596,0.945382123511641,0.567066921816367,0.945382123511641,0.29177102113059855,0.32273410105708816,0.600610585078177,0.5961902884233057,0.9709377844083733,0.9703170542009344,3.8383837986610425,1.261727197643085
rain_lvl_4,3,27.69984251221064,29.471942416368847,0.68951112247471,0.7438091942022811,0.5087645477983193,0.7438091942022811,0.1750131821275756,0.15847577933952084,0.39416343609277127,0.36394611556801343,0.9460248987628314,0.9454203278768393,4.771989501215075,1.8001400605424296
rain_lvl_4,4,27.69184463012533,29.534737849201317,0.7072085917094953,0.7557912148842512,0.5354987522322951,0.7557912148842512,0.19087443264188245,0.1863860712131104,0.399253698780172,0.3771641589796571,0.9465365033479091,0.9443303518609363,4.802451239539302,1.6508435158745496
rain_lvl_5,0,27.713072878607875,29.140701151194982,0.7382724899302887,0.7664132388789672,0.5868395684168786,0.7664132388789672,0.27537172036597285,0.27710991029936194,0.4623185245969005,0.46450274335520253,0.9461079303940846,0.9471530927607608,4.335780893904525,1.4678196352941055
rain_lvl_5,1,27.618003916998347,29.119431425973037,0.8195980106087261,0.9183711810584329,0.5515178659359234,0.9183711810584329,0.2440849381381673,0.3056661712031385,0.6145045137122749,0.6467335280655337,0.9729421702091329,0.971461349280934,4.9993817996712835,4.495914777666531
rain_lvl_5,2,27.675498613399704,29.630357357306075,0.8755856271299117,0.9407227228302306,0.5487990079635692,0.9407227228302306,0.2480786047180025,0.29173161482074006,0.5838683876126293,0.5759150638424928,0.9697289128316563,0.9688174011510415,4.670058897724135,1.3877887201565593
rain_lvl_5,3,27.80339718895775,28.72851287216609,0.6531301374439975,0.6777438579959754,0.43930181121092277,0.6777438579959754,0.10141206386911944,0.1000654964199166,0.3130155823022691,0.28710406721355974,0.9441736601973527,0.9408777223805677,4.793546415981973,1.608828297203826
rain_lvl_5,4,27.76624451720597,28.737174884426043,0.6791953739149736,0.7077100073655667,0.470396188691828,0.7077100073655667,0.12628300586433888,0.13446140472159923,0.3289648822404405,0.3216686461171936,0.9448972733858025,0.9430668851992454,4.8330618421608,1.4634777616528982
shadow_lvl_1,0,29.76678449927053,30.76707448236151,0.9621948967021053,0.9626878719269901,0.897310952633779,0.9626878719269901,0.6786293280981766,0.652662545159977,0.7788422707484693,0.7689175462562471,0.9721612676158132,0.9724210599692933,4.025334921745233,3.361983610513175
shadow_lvl_1,1,34.26208422236661,34.796740791870334,0.99360819841591,0.9928547323969886,0.8755903913540358,0.9928547323969886,0.9171332046494607,0.9092486255973966,0.9390995804179258,0.9358984444784877,0.985599224242111,0.9848050097102596,4.636667521694777,4.579195764920743
shadow_lvl_1,2,27.928961063435615,33.19478306161075,0.98039180909521,0.9904253319378271,0.8331318022916663,0.9904253319378271,0.7906496910397779,0.8037274224665705,0.8778605264793833,0.8843518853356839,0.9808348376792663,0.9810131171147454,4.1864914602419665,3.3265275832884815
shadow_lvl_1,3,32.93070771800291,32.4314403109463,0.9800941453676855,0.9791341240624971,0.9438807127409136,0.9791341240624971,0.8072815192542083,0.8061989332360542,0.8654755839040793,0.8605477759528929,0.9774081286995994,0.9774164466267364,4.130964866975776,3.892496981388595
shadow_lvl_1,4,33.79916042736777,32.927614433748936,0.9859111261011283,0.9849459180955203,0.9488986388639654,0.9849459180955203,0.8745353584799678,0.870205738447406,0.903830022217663,0.895627519655974,0.9801867657941717,0.9798294740053766,4.337277057345132,4.069343757826733
shadow_lvl_2,0,29.11907198056747,29.41973926047787,0.9207852211891989,0.9266124365406907,0.8305312507455532,0.9266124365406907,0.564292207140736,0.48707536850608685,0.664516959423097,0.6561657191218073,0.9672164139227694,0.9645301552275859,4.0550536452377015,2.244460204955814
shadow_lvl_2,1,32.91379735572186,33.42721960982151,0.9914763900676011,0.9905435984346628,0.862586123264696,0.9905435984346628,0.86373352643176,0.8557799357771707,0.9134916255637298,0.91019191720363,0.9847711805252995,0.9834511410403203,4.4971918258215995,4.4612159907498
shadow_lvl_2,2,27.476362072631908,32.10753225691573,0.9257278085488865,0.9885810120707811,0.7842680311489422,0.9885810120707811,0.7229590152013354,0.7520101385169685,0.8348313505465388,0.8556661219914133,0.9779415414461368,0.9794482834028996,4.363681033600798,3.165470427467593
shadow_lvl_2,3,32.56759560065322,30.599345114504683,0.9632729606153978,0.960128832230489,0.8984847789976732,0.960128832230489,0.7130420250054336,0.7057597122642366,0.8075421435205506,0.7863808605933806,0.9740971278037277,0.9731697388259664,3.95525623770058,3.2911954598530575
shadow_lvl_2,4,33.191739607358656,30.79824152610797,0.9686026548749892,0.9657260803924952,0.9068546546536566,0.9657260803924952,0.7605577110864238,0.7532481832146762,0.8337894569943654,0.8122938260183373,0.9761262406963416,0.9745889021340628,4.151445995553576,3.3761120110118674
shadow_lvl_3,0,29.03313312540825,28.951220445681628,0.8568658892905924,0.8676838815069324,0.7686573645842986,0.8676838815069324,0.4075640984859715,0.34918380302797936,0.510643216416326,0.5354661222643853,0.9636215009459331,0.9565450852862103,4.05207778384035,1.5073415629060838
shadow_lvl_3,1,31.832605031518803,32.35044551116727,0.9893158748440886,0.9885889344043032,0.8421280000322157,0.9885889344043032,0.6732656397967886,0.6910076562434231,0.850176008780009,0.8538694227049954,0.982587148037648,0.9819955295532262,4.378837820845859,4.2913811768307735
shadow_lvl_3,2,27.34303639683948,31.725454148357276,0.8307078228694221,0.9872905415899906,0.722823082047694,0.9872905415899906,0.6227753914000403,0.6505377829776898,0.800785552871554,0.8295845694026848,0.9763830658148462,0.9790056142411901,4.721324672006433,3.185934068510255
shadow_lvl_3,3,32.099325206177085,29.87092976538864,0.935275218666157,0.9378915399348259,0.8672997836170516,0.9378915399348259,0.576520453390099,0.5674493233952563,0.7245554158049057,0.6916609023030978,0.9703223082008927,0.9684596606365161,3.76505212528968,2.9386682134091173
shadow_lvl_3,4,32.79266374146112,29.982465004916428,0.9400307858007447,0.9425742519616324,0.8710593529565713,0.9425742519616324,0.6088662324240336,0.6038647960490506,0.7438351325324319,0.7116120717715567,0.9717774168736953,0.9704679044544579,3.9393462883641632,2.97009833301273
shadow_lvl_4,0,28.988384485818955,28.50405190460506,0.7498739234352741,0.8160857018015565,0.6844365757946949,0.8160857018015565,0.20085044459433307,0.21052369394472964,0.3522681725114511,0.3972914787031327,0.9599983904860003,0.9485506011852791,4.036645174830112,1.312425622588942
shadow_lvl_4,1,32.68467477247699,33.35961775287406,0.990649355274816,0.990158892811491,0.8318740647231231,0.990158892811491,0.8087452178814153,0.7905496756722323,0.8972958302909942,0.8922226091921281,0.9836915046477039,0.9827487048427143,4.548566461210888,4.499959760069188
shadow_lvl_4,2,27.733745432686682,31.774074690860413,0.6604681486596434,0.9835617622120167,0.6283354028708882,0.9835617622120167,0.44557919654218414,0.5625995620960608,0.7290618805586693,0.7939972651213935,0.976353122823427,0.9780538611379617,4.944267486948915,3.0777614268036446
shadow_lvl_4,3,32.18892291993522,29.50139625609667,0.8942920764231531,0.9058421292787353,0.8380385251330355,0.9058421292787353,0.42341685228249903,0.41465237135159955,0.6355778649518844,0.5799619082294005,0.9662511539337689,0.9658065950379975,3.5379973840656733,2.71027362831798
shadow_lvl_4,4,32.784241706862964,29.622665001103382,0.8989877884356904,0.9112435834676534,0.8412399512130969,0.9112435834676534,0.45693462634297566,0.4488802190302782,0.6577339879999187,0.5969099659634107,0.9678927510113537,0.9660197103116454,3.677240576986656,2.646742882546516
shadow_lvl_5,0,29.099148348358415,28.371884200499075,0.6239031131199083,0.7464939138730399,0.5901125163870402,0.7464939138730399,0.036808636002922515,0.08116702016687716,0.1860952208573519,0.2448375233357953,0.9547676352010903,0.9454901016288859,3.9252088631016187,1.1094185616768468
shadow_lvl_5,1,32.66447394557404,33.23235002273828,0.9901705460860588,0.9896790091328564,0.8526837615602262,0.9896790091328564,0.7332623861462848,0.7310822523418052,0.8815085550079612,0.8839910647020496,0.9833871464472239,0.9828034137487376,4.5874886103385215,4.515713977399425
shadow_lvl_5,2,27.77518605384959,30.71562469687163,0.44401863386041696,0.9775571812963193,0.4676354560404965,0.9775571812963193,0.34313408085301467,0.5315652747947799,0.6630896393801163,0.7663013450222766,0.9736333558422247,0.9757126151391515,4.990683594821972,2.788574912409188
shadow_lvl_5,3,32.38239110537034,29.230586863127574,0.8439790728515123,0.8637986891211298,0.8223187296573631,0.8637986891211298,0.289810457887936,0.2536379171060068,0.5376285150974991,0.45460318904173797,0.9612650320476062,0.9610457643746804,3.278925112946725,2.64663532250632
shadow_lvl_5,4,32.899471379004794,29.30544399129711,0.8466718774236417,0.8689751757366364,0.8241708552253447,0.8689751757366364,0.3072881717350703,0.2683515185058599,0.5527128620956324,0.46660824187730726,0.9634933200364808,0.9616453774198779,3.3578178811516146,2.4873913051430705
snow_lvl_1,0,31.512863217492146,31.55835886870628,0.959632524443502,0.9519875668451585,0.911374191324265,0.9519875668451585,0.634385655249713,0.6029266634777469,0.7670203813855471,0.7536531579894667,0.9685829689163501,0.968149448662345,3.1897622582957084,3.1546513072477738
snow_lvl_1,1,31.613067729101793,32.08691118959673,0.9910682380309588,0.9866743703020141,0.8377144756797178,0.9866743703020141,0.7016547123080652,0.6425266491875443,0.8597033456010246,0.8452937725106315,0.9817141229125903,0.9786718459510307,4.506278756988402,4.396374763621938
snow_lvl_1,2,30.82282735831324,31.265997017487926,0.9883628167267577,0.9817430085324605,0.7885327179855331,0.9817430085324605,0.6646958555142305,0.634175668767943,0.821873475105928,0.8092747374849765,0.978327915314029,0.9762450105284605,3.7670382769670914,2.84565634767577
snow_lvl_1,3,32.6781642149185,32.8552567192957,0.9733765295977387,0.9573352037809876,0.9583273750570388,0.9573352037809876,0.7019577725741641,0.6900613123749935,0.8150198645846437,0.8158127676957265,0.9670217655617827,0.9676941340835404,3.4440813343088146,3.2637784476029896
snow_lvl_1,4,33.56421379541337,33.53035607255226,0.9797461709398695,0.9587730591014668,0.9710541318991975,0.9587730591014668,0.7638103851828655,0.7405696981940049,0.853223527653856,0.848555825593591,0.9685378412289607,0.9688067897823434,3.515005427250432,3.26858010762031
snow_lvl_2,0,29.701143881795048,29.725955559682404,0.8797014109178835,0.8698670967373603,0.8111372236648554,0.8698670967373603,0.39584193245688437,0.35949279580461385,0.5937033354646695,0.5788406613160333,0.9566138809984834,0.9565955668084981,1.9296003174946428,1.803981739520166
snow_lvl_2,1,29.59632650929853,30.06668700249169,0.9684791613920011,0.959484960347215,0.7254383835348662,0.959484960347215,0.4544806016833236,0.38198063600026594,0.7367833856173895,0.7095358693132763,0.9753241040059983,0.9718916662902375,2.8013869790687345,2.8204096702727535
snow_lvl_2,2,29.278951550648735,29.541342544968785,0.9613712051388682,0.9489173566336433,0.6560326017824542,0.9489173566336433,0.28561821817247457,0.2112819110208424,0.5995847124250822,0.5689246886086066,0.9714930604614492,0.9657118216088504,2.7310319610190543,1.3451496092954993
snow_lvl_2,3,28.962960945345397,29.073969244078057,0.8367502126856763,0.7835933902791609,0.8189334718581295,0.7835933902791609,0.263819340960132,0.19204759581630554,0.48460749372525214,0.40977567162822787,0.9499528192250578,0.9499831276555897,1.570732222894239,1.3740802870690678
snow_lvl_2,4,29.279155202321057,29.07005373048372,0.850705577514791,0.7906363821894759,0.8163017485541001,0.7906363821894759,0.2730711166409877,0.16116475827628504,0.4906513217798278,0.38488394510453333,0.9515768123253298,0.9491760382328724,1.8855723655274383,1.4119139262068272
snow_lvl_3,0,28.98063444238959,29.184580487456365,0.8119333461924074,0.8035517742642025,0.7496476319603989,0.8035517742642025,0.27512444346182574,0.23683635126517302,0.4840942404046367,0.45904681684777165,0.9499134219915689,0.9485961199071854,1.6531000784924863,1.332066646675164
snow_lvl_3,1,28.160698014875507,29.083890966830314,0.9018625935074072,0.9226518111291012,0.7121454002831015,0.9226518111291012,0.20801720335004759,0.1407372806826387,0.6107749580046866,0.5584386978262718,0.9706045039053302,0.9650647611772684,3.423582347996436,2.9133566785745972
snow_lvl_3,2,29.114838740765205,28.834144424113713,0.9372690614989971,0.9158322893242957,0.6528456789454562,0.9158322893242957,0.13203052358095033,0.11692608995388902,0.4889455398582193,0.4366386758004347,0.9672770229690049,0.9596013670364661,1.896389809614222,0.9051099315211321
snow_lvl_3,3,28.161511033694175,28.396362745998363,0.7344433920675928,0.6800281666666845,0.7190683429254915,0.6800281666666845,0.13167288217350714,0.07725879417161237,0.3371563913088652,0.24246070618634386,0.9431786247401833,0.9409995277517568,1.462471633138802,1.1044229934864056
snow_lvl_3,4,28.42213459241084,28.50105455998236,0.7551237990447558,0.7122425285135687,0.7225008531399915,0.7122425285135687,0.14044862657120924,0.0770836554116722,0.3511484838298771,0.26172265364846997,0.9450552241324921,0.9420245644922094,1.478908222607512,1.1825173867695427
snow_lvl_4,0,28.613255487762586,29.005388115605363,0.7408331042403157,0.7672183632494041,0.6825483759032271,0.7672183632494041,0.17546013744129407,0.17738857018277995,0.384242835529353,0.39808134193915895,0.9459116303931467,0.9447052952871913,1.4400598949090488,1.158970535111147
snow_lvl_4,1,28.078098162720973,28.81378274852418,0.863835955483909,0.8979437991832038,0.6214730835932095,0.8979437991832038,0.09704911277749316,0.07712243589541842,0.4898609024499141,0.4627988922006209,0.9678765552493044,0.9624178047908721,3.4314950250061873,2.9500662205869093
snow_lvl_4,2,28.59388741147859,28.866745415097643,0.9068623861538438,0.875671822434806,0.5621764958344743,0.875671822434806,0.06077367344796923,0.03197833087772205,0.38776430553995894,0.2959533779196137,0.9651244589011516,0.9533150921772703,0.7055546693979189,0.5892024576406494
snow_lvl_4,3,27.946750363438618,28.336229163201917,0.6423022627011375,0.6359064717313702,0.6607851321753417,0.6359064717313702,0.07425319056824631,0.03519871870911316,0.2532860845500264,0.18244091892007597,0.9388112734136931,0.9367686756639707,1.312494460239428,1.0015450504735712
snow_lvl_4,4,28.113406681320036,28.33060729044247,0.6546024722310602,0.6624343791272206,0.6549469024308744,0.6624343791272206,0.07357865064498781,0.037205043321043824,0.2523060783769002,0.1990544266527692,0.9395414530195644,0.9392046196335482,1.3083065954210449,1.0714956703252507
snow_lvl_5,0,28.513620855555992,28.93085231518922,0.6549283652675414,0.7248818847919555,0.6012052550049009,0.7248818847919555,0.14087241985435373,0.15897707649051912,0.34977611617362914,0.37049908056776115,0.9406341984995019,0.9412215694353703,1.9329182028997793,1.058703786956659
snow_lvl_5,1,28.104803721288484,28.539226994116056,0.7903389251257548,0.8736755432937351,0.6510598637644811,0.8736755432937351,0.07578461225740632,0.043387320433485185,0.4672685653215236,0.3925220567358929,0.9709063922579564,0.9586823704738553,4.919231450633628,2.8669039162022116
snow_lvl_5,2,28.526561331655934,28.98408061174085,0.8560868943070048,0.8543929520175323,0.5854165384934081,0.8543929520175323,0.06898311645640319,0.045707398516294795,0.41572298578570843,0.32891696535292914,0.9646563243446833,0.9519243577698462,1.6574803743669484,0.5964348374710566
snow_lvl_5,3,28.043380337775968,28.274720668301022,0.5833776049387557,0.6139308324282647,0.591510434598733,0.6139308324282647,0.05284988539263029,0.028236097185609686,0.2345363911838937,0.1706371604664536,0.9373375406802311,0.9351469318292547,2.208791036069611,1.0110214853617758
snow_lvl_5,4,28.086680966948702,28.275556744806952,0.570031320734494,0.6257272910975085,0.5392535556478697,0.6257272910975085,0.04361623037737123,0.02347307437450195,0.20859311416269152,0.16462112480612567,0.9367237268529177,0.9366385848139137,2.2783270755434284,1.0120474604948235
haze_lvl_1,0,27.82250205915435,32.73654041182296,0.9027724624533823,0.9708951688857709,0.8313542609360945,0.9708951688857709,0.694849425098711,0.6874670066389285,0.792636307247339,0.8031116094443502,0.9692540756481628,0.9744306418836776,4.616451562019603,3.7285823447286126
haze_lvl_1,1,27.71914758461198,33.21376416851602,0.933827563589187,0.9884969685055784,0.7628546108089144,0.9884969685055784,0.7143869310363857,0.7632942271393833,0.8632117592099363,0.8874559104274132,0.980446099946572,0.9815757657552365,4.923470886804687,4.515076398788645
haze_lvl_1,2,27.720298742650282,31.866686998008134,0.9599657429818178,0.9866544947300833,0.7645651683912789,0.9866544947300833,0.6615196830656576,0.6348858464904328,0.8165479672794566,0.7985697042145949,0.977541999623091,0.9781962569068183,4.121320940972711,2.4393376103560964
haze_lvl_1,3,28.076590134426382,34.733973513741674,0.9067026992525568,0.9794865761619627,0.8696047562114861,0.9794865761619627,0.7582286526840676,0.8052225604299397,0.8251911138934311,0.867446016613485,0.9724593884172937,0.9775225996913004,4.6960889441820655,3.9782870654867164
haze_lvl_1,4,28.092016504500187,36.56918326289678,0.9134278205990471,0.9856595391059492,0.8785208364312574,0.9856595391059492,0.7956063634378012,0.8730692756572404,0.8412402484074658,0.9044150255861277,0.9737910170413049,0.9815770014698141,4.709804828668138,4.110288651759234
haze_lvl_2,0,28.275765489321838,31.763648277782963,0.8133944135497753,0.9612718567640476,0.6746572568583611,0.9612718567640476,0.606158262873305,0.5989799309928445,0.7201558434039859,0.7542134946199677,0.9634161516571458,0.9708585855669003,4.842987521768612,3.4395851009878204
haze_lvl_2,1,27.824870856254545,33.09434820152367,0.8810289585697562,0.9862737938348741,0.6862221082172953,0.9862737938348741,0.5627907328990747,0.647801485763742,0.8156459899690558,0.8525129461336787,0.9789161541941146,0.9798666851430152,4.96517946071105,4.291954467933459
haze_lvl_2,2,27.95622890017231,31.557542261556726,0.9236722094818244,0.9844407901061404,0.6607029985729939,0.9844407901061404,0.5708866359785936,0.6302721678587611,0.7747945197693179,0.7954728124536128,0.9763668944850407,0.9778090333164208,4.846922679205764,2.607380417348264
haze_lvl_2,3,28.025651068393632,33.219329154044544,0.8117193605382282,0.9674677759883762,0.7199550366524357,0.9674677759883762,0.616238581525166,0.7273989598554778,0.7218449841785277,0.8238324177746311,0.9657068773909281,0.9744224135558411,4.8770433480726725,3.6660560262361868
haze_lvl_2,4,28.03400048136075,34.18839239110659,0.8203214328801341,0.9760261434977222,0.7246105946788177,0.9760261434977222,0.6497054375017077,0.7989749938172244,0.7376016234363723,0.8622817458877199,0.9672904444700369,0.9776198557203782,4.882193244452305,3.763890346447005
haze_lvl_3,0,27.515983171762638,31.122501807520386,0.7154771066393102,0.9382747301686082,0.4686964957797987,0.9382747301686082,0.49050483956489205,0.5061893461248248,0.6118777980067053,0.692787429155425,0.9574000264679428,0.9686120211917121,4.964841761558827,2.948602045487635
haze_lvl_3,1,27.671480836654116,31.022131176970262,0.829630784109058,0.9751111439870613,0.49715186447603366,0.9751111439870613,0.3681732016389316,0.49300338520224146,0.7408179183175864,0.7765473431111726,0.9765336557623205,0.9757440152615732,4.995966117606193,4.207042008547688
haze_lvl_3,2,27.601759694957128,30.59679980825503,0.8803548739726625,0.973398687357024,0.4706442887609714,0.973398687357024,0.4078206518568097,0.48938991402070997,0.6865854256267466,0.7266354661712375,0.9729781144987933,0.974236472981151,4.908945735810376,1.7705858667937275
haze_lvl_3,3,27.674382335028895,30.95392343303205,0.7049016613531889,0.9274835581397298,0.49731842284496963,0.9274835581397298,0.3981863393638483,0.5036671989430956,0.5676008961548553,0.6978541963713596,0.9563158955595112,0.966866263104419,4.969308645381118,2.977530453253077
haze_lvl_3,4,27.627252104503853,31.280668149300116,0.7128037235411059,0.9391158636819198,0.49686075418044834,0.9391158636819198,0.4211120541376392,0.5697481071172283,0.5763943855269209,0.7297620035171705,0.9570805913033043,0.96838111975086,4.9653808759163995,2.9854311112444303
haze_lvl_4,0,27.82371063357765,30.690656634649645,0.6609709301972765,0.9425269675897178,0.3955412706815694,0.9425269675897178,0.44037668144107217,0.5086397107252874,0.5586178118478459,0.6965847327140344,0.9563304685975937,0.9678379508833308,4.986212607223203,2.9358468743521273
haze_lvl_4,1,27.874567126683537,29.972161685160543,0.7269875202349393,0.9305307700020665,0.23458823004112475,0.9305307700020665,0.2199725350008584,0.2830901243848748,0.58347860226635,0.6771271236484082,0.9718706985570479,0.9709061572877287,4.999942492219872,2.99281145211783
haze_lvl_4,2,28.021813298581947,29.73136913813638,0.8056306770302021,0.9407186084892839,0.22720670448908992,0.9407186084892839,0.23629811739512402,0.4081893556494106,0.5339206028814613,0.6641140610619891,0.9714062715531556,0.9695673045490486,4.995039814967396,1.2697909288102753
haze_lvl_4,3,27.816542152143935,30.631607305162444,0.6690252073379646,0.9255066992222445,0.4450894649992213,0.9255066992222445,0.3642589296527572,0.48959881378649817,0.5338657826201956,0.6870850135043832,0.9556699126147941,0.9658350920359586,4.983260393883107,2.985820250046267
haze_lvl_4,4,27.828797307306566,30.963809109868624,0.6717056426852566,0.9347812081072447,0.4368375011805964,0.9347812081072447,0.3788573823534454,0.5643645541472638,0.5378315974385944,0.7214653986822905,0.954702110836942,0.9678880140758839,4.982554655219517,2.909754756751161
haze_lvl_5,0,27.795819630546852,30.612841470735184,0.6602052942378952,0.9416608683189355,0.39228661584539515,0.9416608683189355,0.4412546837654395,0.5145674417313579,0.5554019226648633,0.6974510175322826,0.9561190865786778,0.9684659859570472,4.987679617266432,2.962899378447231
haze_lvl_5,1,28.128133825878884,29.014655669363655,0.700762643840071,0.8581582928234208,0.14360472191574022,0.8581582928234208,0.09010168074981109,0.10346613240717809,0.39414134364800313,0.51499959148279,0.9690021951923248,0.9604822638924536,4.99999690071652,2.344588413014661
haze_lvl_5,2,28.5099804924277,29.200068451607834,0.7831858208890268,0.8776146980542072,0.15588364495015897,0.8776146980542072,0.12970371361451052,0.2143424113229298,0.3899447635001071,0.5333251791859027,0.9671919569801782,0.9636830053968999,4.999399115997341,1.0022581264573471
haze_lvl_5,3,27.856753361886394,30.48807158301865,0.6577224770830946,0.9237967160248205,0.4299057526576976,0.9237967160248205,0.35530585477286775,0.4892065115355614,0.5213553897876064,0.6855827913532598,0.9539675755259274,0.9650652002623584,4.986762813075038,2.985404238063089
haze_lvl_5,4,27.935332140601673,30.553451052214996,0.6584657534258818,0.9334835016690193,0.4138800128393569,0.9334835016690193,0.3614794467058004,0.5451757440305367,0.5204581665231091,0.710751583519253,0.9546539143298198,0.9678907964537451,4.986594644745263,2.900504199799587
