,noise_type,noise_level,PSNR_noisy,PSNR_denoisy,SSIM_noisy,SSIM_denoisy,CW-SSIM_noisy,CW-SSIM_denoisy,unique_noisy,unique_denoisy,ms_unique_noisy,ms_unique_denoisy,csv_noisy,csv_denoisy,summer_noisy,summer_denoisy
0,Resize,1,49.49545252693089,29.41985287395874,0.9919432378516172,0.9795857608985493,0.9829478044302112,0.9795857608985493,0.988335039434035,0.9863721063105229,0.989335868107247,0.9872356299953716,0.9932982211431799,0.9901145376103662,4.908179511196225,4.831170051446371
1,Resize,1,48.0997906964033,29.362502543256905,0.9920519042648533,0.9824783980411491,0.9907093565675937,0.9824783980411491,0.98971997906325,0.9878727532392044,0.9901202330724221,0.988822588671108,0.9939591795799381,0.9903509249701876,4.892379350822741,4.8015947742817
2,Resize,1,49.085993176915125,29.37561823478678,0.991163505317901,0.9818117940567976,0.9830016325500831,0.9818117940567976,0.9880413474794011,0.9857096141344481,0.9873148146116498,0.9857263446976804,0.9978661934208339,0.9900887432541139,4.908367256114809,4.835393305209577
3,Resize,1,48.79018470879458,29.40519492832656,0.9921661633565316,0.965186604331636,0.9926440321951508,0.965186604331636,0.9901732535826734,0.9871802176656566,0.9908561731575679,0.988732479075545,0.9936493872614277,0.9889268538898409,4.903934519763964,4.807362854267879
4,Resize,1,48.159459482533116,29.389947456537474,0.9927292832531495,0.9826547617729436,0.9897171038614021,0.9826547617729436,0.9896505858892376,0.987181326469095,0.9905681934416783,0.9887279056482644,0.9938368335559958,0.9896012574847796,4.89721335436851,4.799508609980045
5,Resize,1,49.48171298492372,29.39867782653281,0.9918520511124277,0.9833463797095509,0.9853365531774003,0.9833463797095509,0.9876014068748944,0.9855117826031548,0.9886238843590527,0.986834774185584,0.9938702002162245,0.9900512641693773,4.903903923823661,4.8360592981273145
6,Resize,1,49.33518596249534,29.396056813153496,0.9918616338649597,0.9830237531492299,0.9850509036573831,0.9830237531492299,0.9884000870616602,0.9861932947196195,0.9886596704609123,0.987045335892086,0.9938450349426649,0.9894924533883667,4.904987530355858,4.830717749314043
7,Resize,1,48.08448709640166,29.415428528744066,0.9921226659366431,0.977746093905435,0.9841742075262381,0.977746093905435,0.9882937113608691,0.985757974095943,0.9897931719341219,0.987957191373558,0.9938312834700864,0.9897441289334062,4.873322488315336,4.790550642795378
8,Resize,1,48.68630422366042,29.384563923563086,0.9916347510446067,0.9817910153576919,0.9862030496908022,0.9817910153576919,0.988326237455673,0.9865776295655613,0.9880488431489376,0.9865173287790896,0.9933697650569572,0.9896094715897947,4.899502558160473,4.8180437261906315
9,Resize,1,48.29870608542478,29.512249859747207,0.991961082243205,0.9441441654998667,0.9898070184042586,0.9441441654998667,0.9902064578149639,0.9798929756201427,0.9915742790935455,0.9855199060650324,0.9937501025548824,0.9880183142779536,4.891386693353395,4.744826377423845
10,Resize,2,48.61455212312422,29.41269560755478,0.9906203871140288,0.9787519640883238,0.9809039405916278,0.9787519640883238,0.9871930249584718,0.9858302075215533,0.9883205391922133,0.987046387686203,0.9931348993416315,0.9897968180283764,4.891838774794975,4.8172498587996575
11,Resize,2,47.01108107519292,29.351004958772098,0.9907441135970582,0.9819874923379667,0.9887211873112474,0.9819874923379667,0.9884382320270042,0.9869255131873992,0.9890916536602501,0.9878397357926064,0.99344364336797,0.9900140618907028,4.881821227029228,4.789869609557726
12,Resize,2,48.18316047260882,29.380101145628604,0.9896834486114436,0.9811793854846617,0.9813611807241412,0.9811793854846617,0.98599447730622,0.9846121407849997,0.9857825310250213,0.9846421095720902,0.9945372978347324,0.9897952569593376,4.895873576979104,4.82530747733544
13,Resize,2,47.83575954873652,29.392201205063397,0.990950865702452,0.9646839543847586,0.9914763708937138,0.9646839543847586,0.9889119488531326,0.986546100734276,0.9898172406198492,0.9877694160958443,0.9931954004093554,0.9888691928027319,4.893076321926259,4.80040326848572
14,Resize,2,47.18099049218858,29.389646671204353,0.9916616372486229,0.982087618702124,0.9886682108400384,0.982087618702124,0.9883502804308844,0.9864229886995002,0.9896974990853313,0.988138409582775,0.9933672628734014,0.9894892876585816,4.884534724093052,4.7931672375648136
15,Resize,2,49.02056989447044,29.393448902200234,0.9906663023335266,0.9829487022766764,0.9837744653376682,0.9829487022766764,0.9861639010628386,0.9848172728833402,0.9880198625521722,0.9870659858855731,0.9932984996241578,0.9897357398417533,4.902883592461058,4.8302524652981145
16,Resize,2,48.464646223756446,29.38284457011724,0.9905169658415538,0.9825192121132904,0.9839490538057011,0.9825192121132904,0.9870880768572097,0.9855206977170303,0.98770081251163,0.9867137536047413,0.9936946422289273,0.9893216803610003,4.888406805930823,4.817134207545034
17,Resize,2,46.89833093222907,29.411309471528085,0.9907955633487951,0.9768848851160439,0.982674995274468,0.9768848851160439,0.9867298288294851,0.9843187272730174,0.9886985428839952,0.9871788318783653,0.9934618391517901,0.9894850906528246,4.852288645730703,4.773834747445837
18,Resize,2,47.755276679316694,29.381245206948797,0.9903108629842504,0.9812588225901698,0.9837559677952122,0.9812588225901698,0.9866890914942976,0.9851021623210943,0.9869344842259818,0.985662180294589,0.9938600493941495,0.9898604916609333,4.887777076387316,4.809337373342265
19,Resize,2,47.30985018547419,29.499036176925358,0.9906607736295348,0.9436832687720432,0.9888784388280557,0.9436832687720432,0.9893315694910991,0.9790238454419192,0.9906664102490439,0.985146520880696,0.992771417751939,0.9879507980784393,4.877619311394687,4.736663436361375
20,Resize,3,47.64902888128848,29.419690888341368,0.9890549887424144,0.9783450933813309,0.9767768446571516,0.9783450933813309,0.9857017419515491,0.9843437197989492,0.9876369537534551,0.9860883122526379,0.9925779345389891,0.9895050018494869,4.868211933016879,4.800734720769359
21,Resize,3,45.67415955623186,29.3619561082022,0.9892392775604879,0.9812949192546441,0.9871016695346594,0.9812949192546441,0.9873759740498453,0.9854685711439694,0.9885939863280203,0.9870540250643213,0.992482969699756,0.9897845332820846,4.864311776301921,4.78941787924208
22,Resize,3,47.31823266146182,29.383841081393616,0.9877924785405615,0.980310635245438,0.9787472245774829,0.980310635245438,0.9844898091582747,0.983325661436916,0.9848421917370953,0.9837322161957017,0.9930322224703675,0.9895395148234456,4.879073889278766,4.8109846730224115
23,Resize,3,46.47678288293988,29.40497039529667,0.9894268447817375,0.9642545787749192,0.9910848762293094,0.9642545787749192,0.9879027456907459,0.9854635746470176,0.9890204696037282,0.9876055941103246,0.9929214071172865,0.9886491728430092,4.873305031060256,4.7899199880268
24,Resize,3,45.821478219473335,29.393309168290944,0.9902406420352596,0.9813945776353128,0.9865476483253997,0.9813945776353128,0.9869634451449538,0.9850242545094811,0.9890411373933696,0.9872264616832569,0.9927018936127895,0.9892398724379077,4.860224002901808,4.772775614158994
25,Resize,3,48.132703709207654,29.40487738633367,0.9891309370482325,0.9825994311114439,0.9799459109839515,0.9825994311114439,0.9845683839861403,0.9835029481899146,0.9876549732609722,0.9860935452650298,0.9918799840739736,0.9895696669007972,4.882321132390635,4.815553050333602
26,Resize,3,47.46819513928593,29.39829096197122,0.9889268054833985,0.9820069536490837,0.9802056859892856,0.9820069536490837,0.9850644436561934,0.9845917098084511,0.9858291467275634,0.9857351225264052,0.9920950751379429,0.9890566483288659,4.875320550333929,4.806571614179588
27,Resize,3,45.73152242160205,29.413076635124582,0.9889254542680873,0.975860570847718,0.9807403419677104,0.975860570847718,0.9842014937515732,0.9814655267236628,0.9871943093936457,0.9854340339934821,0.992833650631187,0.9891730103474221,4.823496164443619,4.748541244368413
28,Resize,3,46.62226083190579,29.37935048233253,0.9883340281230955,0.9804154617233792,0.9816931751714878,0.9804154617233792,0.985091353007336,0.983856817346954,0.9856848296064373,0.9848332720042933,0.9922620001425202,0.9895372028569471,4.868538796998839,4.793553868506581
29,Resize,3,46.16652798283428,29.50054840565487,0.9887248740038864,0.9428866858605721,0.9868296154848766,0.9428866858605721,0.9883903052289602,0.9781069100104163,0.9901990554442373,0.9842202787893396,0.9932026445928721,0.9875851716028093,4.85558460887635,4.72053115785817
30,Resize,4,46.80197937435618,29.429543464555017,0.9873979917585866,0.9775020310628,0.9718560606727432,0.9775020310628,0.9838326141953693,0.9824730515687456,0.9861935992657338,0.9852200217744255,0.9912437147631069,0.9889130133123044,4.847849602787549,4.784039780846633
31,Resize,4,44.242792197899774,29.373100485627013,0.9878256249184117,0.9803080249541143,0.9856728736295127,0.9803080249541143,0.9851434987239196,0.9842770188832023,0.987198898442765,0.9864739578361752,0.991936617229765,0.9896101769578856,4.829666948383529,4.770168476257136
32,Resize,4,46.45403674260123,29.401187959387723,0.9859127780082644,0.9791552815959548,0.9750628773827441,0.9791552815959548,0.982336738586415,0.981609459183415,0.9836246902994068,0.9825547073096624,0.9921952798501035,0.9892194107751475,4.866345389429559,4.802467726017489
33,Resize,4,45.42922885855237,29.406482810970957,0.9877324041893022,0.9632238803655269,0.9890126040592684,0.9632238803655269,0.9860085175069685,0.9835205947735071,0.987980480713612,0.9861923627712258,0.9921563801281316,0.9883859611017225,4.836480453694743,4.767209503097533
34,Resize,4,44.51927612958342,29.406224137222722,0.9887649403793027,0.9802834920077098,0.9839966555404174,0.9802834920077098,0.9854590464668542,0.9835434583733953,0.9878515176248365,0.9863148567087844,0.9932537322957277,0.9889596941726307,4.829479476280572,4.747768448162941
35,Resize,4,47.58252060476535,29.420883184457747,0.9880778817714329,0.982198160339548,0.9763926821235164,0.982198160339548,0.9831589646943244,0.9819470544238978,0.9860183426318855,0.9849349393389146,0.9917981684744517,0.9893730233151855,4.86498174910238,4.802789654043192
36,Resize,4,46.701690592115796,29.419726554380624,0.9875341549402763,0.9812398724052454,0.9784411909443115,0.9812398724052454,0.9833672223889581,0.9823165490960948,0.984683088925546,0.9836274068116848,0.9924203456527948,0.9888271418593777,4.848888777718011,4.786123866758622
37,Resize,4,44.71703765599151,29.42916664902265,0.9866497711367282,0.9739963276910713,0.9773533130030961,0.9739963276910713,0.9792616316958914,0.9773207422918819,0.984678464853552,0.9831637282585116,0.9923426519221847,0.9888828351930624,4.783730989963767,4.715244982902156
38,Resize,4,45.60931699861298,29.395009914461312,0.9864611164525889,0.979140480923859,0.9776056125938565,0.979140480923859,0.9833040128919457,0.982547627483131,0.9850018220417828,0.9841939255097243,0.991654459830909,0.9893379583517504,4.847650296827989,4.778533713217686
39,Resize,4,45.02498708658148,29.520261226495155,0.9864817766928853,0.9418813248794159,0.9847006682777796,0.9418813248794159,0.9859629401123425,0.9757606979768795,0.988755467490539,0.9833044711419622,0.9924584325945291,0.9874106956023797,4.827546045889007,4.706771889094627
40,Underexposure,1,26.84248924467784,27.491388650854297,0.6688774752934095,0.5731165664231684,0.6540275975060484,0.5731165664231684,0.815357641602896,0.8092400420442155,0.8532407702669814,0.8467925860512735,0.9789385123209725,0.9765370728263065,4.98450507181756,4.987760874983438
41,Underexposure,1,27.13864009456488,27.411503025030036,0.6617635704735866,0.5667321970219638,0.6885133475565846,0.5667321970219638,0.7515955016256726,0.7376189335007655,0.8290724325702482,0.825323302349205,0.9783273840727834,0.9771376065386725,4.974625156693772,4.978377645081754
42,Underexposure,1,28.21974350678168,26.83264135252592,0.6714141263806508,0.5699467665070481,0.6523098354835176,0.5699467665070481,0.7633802791002462,0.7556345348701606,0.7691091458579293,0.7676188816612778,0.9825782348308649,0.982863578339085,4.990171081861407,4.990158207060795
43,Underexposure,1,27.270574149193255,27.20595686788694,0.6579945657364621,0.5451465863884026,0.6849009518268936,0.5451465863884026,0.7825610421572631,0.7561347691498338,0.8589118885050818,0.8437383849583365,0.9760702633007614,0.9730873839109442,4.98186443080995,4.987299284567758
44,Underexposure,1,27.502054232966543,27.175400666555877,0.6615483790584938,0.576011861289931,0.6748780493144034,0.576011861289931,0.7210271078511192,0.7003916106613116,0.7909862111160129,0.7774871142625895,0.9778139511556783,0.9763080819101946,4.984824334545571,4.986303939188784
45,Underexposure,1,26.892944780930534,27.46778668114636,0.672194920414067,0.5784368067349829,0.6733567300419461,0.5784368067349829,0.7795912445379352,0.776439650130889,0.8568380373838593,0.8560369433908318,0.977315501984317,0.9768759961641804,4.985494423783998,4.987252857767752
46,Underexposure,1,26.87117929597708,27.496886532700508,0.6715370221963092,0.5793358247988122,0.6763311642401374,0.5793358247988122,0.7965708177396298,0.7960995237205426,0.815555133335802,0.8128556660502471,0.9815048679129781,0.9801612816168056,4.986918915660573,4.989573583312928
47,Underexposure,1,27.09363353653125,27.096267495037477,0.6606235334312666,0.5615726564713639,0.6728007085132445,0.5615726564713639,0.774851039769589,0.7576649272150798,0.8610874009016549,0.8527460192005664,0.9767350256649967,0.9746486340734482,4.982691548021555,4.985517528052564
48,Underexposure,1,27.067635119777435,27.483423460070334,0.6687425089466045,0.5747825042199102,0.659517937290822,0.5747825042199102,0.7727915218958683,0.7665553482698138,0.8065964609623097,0.8042496036393523,0.9815188173872503,0.9805391138815713,4.986871611513673,4.988889466008231
49,Underexposure,1,27.536234278890678,27.335491395213943,0.6560927686260775,0.5313631925183567,0.6787163634786422,0.5313631925183567,0.8018613295990489,0.7336342391821701,0.8739184866443221,0.8474564245947381,0.9732997792255154,0.9684841458835121,4.982633236997484,4.984080250585472
50,Underexposure,2,27.343436144606507,27.43100475649691,0.5578635342298666,0.4514790553414406,0.5603968506301268,0.4514790553414406,0.7359880719166236,0.7234501669890555,0.7977207177471419,0.7892039483713769,0.9771329648760544,0.9747663632771763,4.994181628284529,4.995505617252526
51,Underexposure,2,27.464643180617276,27.270893074361993,0.549497402165214,0.44285659747220757,0.5935612501169494,0.44285659747220757,0.6665692695492961,0.6433635262153823,0.7700117105678365,0.7638426455656027,0.9782740469922965,0.97626425116801,4.992466646103136,4.9939444354386895
52,Underexposure,2,27.019711251707083,27.302603244193943,0.5596104935431717,0.44452603056515805,0.5407673029484084,0.44452603056515805,0.6408080441479641,0.6413672121876955,0.7001568544043668,0.6970237820892512,0.983059051685933,0.9827843124583894,4.996150649604273,4.996311800599071
53,Underexposure,2,27.32848197534667,27.446974765236597,0.5452919862995793,0.42501560187114157,0.5681769222669725,0.42501560187114157,0.7179327541325139,0.6788385413320097,0.8081927850761785,0.7837832125022492,0.9739197211532686,0.970871927849095,4.993685110426407,4.996399414059425
54,Underexposure,2,27.51107130664994,27.624943039816557,0.5489604719168572,0.4534042847804316,0.5703227343017079,0.4534042847804316,0.6320247477607882,0.6107125473363276,0.7213719583627137,0.7089699477958508,0.9767212143493302,0.9763476332836908,4.9946592635166205,4.995572596523759
55,Underexposure,2,27.37544537110445,27.386644540550474,0.5620609972226648,0.45691320841857647,0.5862946884056774,0.45691320841857647,0.6905363595443296,0.6829357145067956,0.809953197899197,0.804964165489549,0.9764093202429909,0.9750122115250711,4.994763054474205,4.996074849005082
56,Underexposure,2,27.402577670954443,27.288766711340728,0.5607255327655613,0.4564946146213849,0.5797945907748276,0.4564946146213849,0.7078090088461997,0.7042250863710326,0.757758092905891,0.7530761546760034,0.9801137583155889,0.9782217912987852,4.995159540012553,4.996477652615558
57,Underexposure,2,27.133463854829614,27.44209306906391,0.5478085620948699,0.4410085185698969,0.5624967479607138,0.4410085185698969,0.7026147909770368,0.6696427497071527,0.8105645597148216,0.7952368712421534,0.9747912754559168,0.9727330906086961,4.994124585005443,4.995838331070034
58,Underexposure,2,27.47516228629365,27.097528135064803,0.5580242126207072,0.4520861046876565,0.5677488860693751,0.4520861046876565,0.6878797895414891,0.676320746289187,0.7483998515655947,0.7423648027396331,0.9806676470622506,0.979742368562082,4.995533146466338,4.996220221600429
59,Underexposure,2,27.520475061564085,27.77660496841162,0.5408470318053616,0.4177399261933671,0.5662323244150237,0.4177399261933671,0.7354138110752544,0.6557081673696625,0.8269471660176884,0.7906410122645313,0.9704406800196245,0.9660966473084006,4.993512950942468,4.995043874818949
60,Underexposure,3,27.46243552305473,28.236494825241607,0.43141333433766327,0.3173578347597179,0.4486260524373496,0.3173578347597179,0.6031440382985407,0.5861668863595735,0.7205033591799166,0.7049271276181406,0.9752519807270928,0.9725629174224464,4.998563426526884,4.998918383120003
61,Underexposure,3,27.381034933435657,27.73571136735439,0.423790231891668,0.3086656586088095,0.48197287202513744,0.3086656586088095,0.553021282729609,0.5205811919578294,0.6880238553681227,0.6752865906298913,0.976789636560513,0.9758990263663831,4.997462485849046,4.998277314802048
62,Underexposure,3,27.23478248711881,27.418537599330342,0.43336546117720437,0.3076598397821105,0.4285135300051573,0.3076598397821105,0.49576613592832486,0.48567997044559813,0.6136281115459632,0.6129135466592968,0.9832767772460889,0.9829701550864938,4.99878157302243,4.998631300254177
63,Underexposure,3,27.795829190743405,28.51124574896552,0.41949925285857503,0.2970005794958468,0.4486467078800645,0.2970005794958468,0.629531613373921,0.5776207431593474,0.739098705007918,0.703345828124406,0.9716806872635382,0.9682157275487647,4.998480701146136,4.999372031624247
64,Underexposure,3,28.385749319029703,29.526759998830595,0.4228260140967599,0.3201875223539167,0.4452345065627162,0.3201875223539167,0.5089143422591917,0.4733358091676913,0.6319055957288848,0.6192371198670571,0.9751688404960593,0.9733308082022969,4.998580846529394,4.999053023307293
65,Underexposure,3,27.32855487829873,28.228785223767844,0.4363276929025624,0.32283969173436144,0.47452551646539887,0.32283969173436144,0.5582899369182407,0.5534938393337604,0.7351246845142922,0.7289207887235528,0.9754173337545418,0.9743961374372998,4.998657194123505,4.999252202777902
66,Underexposure,3,27.398099004456803,27.951026033492457,0.43424026692141693,0.3205946943948419,0.4624254875043687,0.3205946943948419,0.5485905254788925,0.5424037994729944,0.6668368336435236,0.6592980846152461,0.9775038029004818,0.9765647017993156,4.9988088832379045,4.999252462380674
67,Underexposure,3,27.823928338248862,29.002033258025797,0.4213233560872178,0.31014501088018165,0.45050258795975484,0.31014501088018165,0.6056147983281865,0.5673075392847712,0.7374124730835168,0.7188225011501633,0.972912150075035,0.9694719455002667,4.99858909391593,4.999221047113009
68,Underexposure,3,27.37508916245041,27.72683500400515,0.43192791730184493,0.3167010730391821,0.4603916106016538,0.3167010730391821,0.5548797777638885,0.5399266689668369,0.6608628664323758,0.6528549038802722,0.9805990673765583,0.979455827072102,4.998778610201265,4.999038040364724
69,Underexposure,3,28.345822495921553,29.200848809227114,0.4159706936152473,0.2960744270019665,0.43641846972335463,0.2960744270019665,0.6302512073108497,0.5357447788417854,0.7637925761038464,0.7174879557983156,0.9689077986726566,0.9638650469315931,4.998466668789057,4.999095009701688
70,Underexposure,4,28.95006978643025,29.537344915369008,0.29201293223994856,0.17443700672579043,0.32626353667018854,0.17443700672579043,0.42904642866652487,0.3828643947516607,0.6168305177966021,0.5865947701600819,0.9730168487384127,0.9692890965659381,4.9997639615034775,4.999857115650504
71,Underexposure,4,28.279561067399882,29.150602009852786,0.2871938920972604,0.16877212869945715,0.3339583242237639,0.16877212869945715,0.3796060111869599,0.31718117911914895,0.5787169462323088,0.5433309008259444,0.976613100683795,0.973815903182258,4.999544523397625,4.999806956184495
72,Underexposure,4,27.360970916278863,28.220868717656195,0.29416592546932846,0.16283192448531703,0.32037106169398544,0.16283192448531703,0.2923046015102594,0.281246230783346,0.49028689290112343,0.48461542341241187,0.9823083126989247,0.9803217068482185,4.999738328601521,4.99956729254109
73,Underexposure,4,28.85238982337313,28.444626168851343,0.2819432569616869,0.16405742833205453,0.31385586819320854,0.16405742833205453,0.47760985663723,0.35672601647333557,0.6370197414649401,0.5636493905597952,0.9688381542946135,0.9647104938414873,4.999812147307036,4.999960312869457
74,Underexposure,4,29.267131241644005,29.05358422141617,0.2848154568896813,0.17911759084858506,0.32277620183324923,0.17911759084858506,0.3353919460089173,0.2925085790702212,0.5198641479163244,0.5055558931218432,0.9749398793853506,0.9717967129517527,4.999795421820357,4.9998840146025785
75,Underexposure,4,28.911842590205126,29.36544385552732,0.29662536957131924,0.17805075802978435,0.32682095892009366,0.17805075802978435,0.39572504968611255,0.37076921999403956,0.6357302852875418,0.613490699137822,0.9743110501907806,0.9720576990119388,4.999796251942014,4.999923232465971
76,Underexposure,4,28.699149299910324,29.522243707722996,0.29488503598999033,0.1760961539314844,0.3345471312839735,0.1760961539314844,0.3695221980545871,0.34450579341028265,0.5551249939350337,0.5384482813980347,0.976312499274416,0.9773180949217274,4.999809129936511,4.9999220024045155
77,Underexposure,4,29.352610781692114,28.334945979431055,0.2835678646702733,0.1718423837088694,0.3248112102285293,0.1718423837088694,0.469924622792093,0.4082650184297566,0.6460582102374756,0.6083006614311325,0.9702921219805933,0.9662239889510363,4.999806996987587,4.999927173584931
78,Underexposure,4,28.355545119912243,29.533220916529995,0.29301989933677325,0.17280573927204754,0.3240502907845803,0.17280573927204754,0.3707588961341122,0.3352520847648057,0.5544577454594091,0.5322238175669127,0.9793649612488389,0.9771259523027401,4.999805882923357,4.999871514932638
79,Underexposure,4,29.277492386318063,28.856276483576483,0.2830895834096742,0.17062292374693858,0.30258511327851023,0.17062292374693858,0.4912228433415279,0.34303329996167703,0.6776047449753212,0.5980329192862874,0.9661734257396305,0.9609713205198079,4.999795410994659,4.999927991457435
80,Overexposure,1,27.900655472506276,27.104453118134693,0.9373587853248958,0.9444737845508274,0.9324194833156744,0.9444737845508274,0.9533447037939147,0.9544402894615122,0.9633925282981725,0.9634707134775857,0.9841427426443896,0.9802645394472072,3.5001784064499497,3.512382788763364
81,Overexposure,1,27.367309795324907,27.30661189319691,0.9350081285525647,0.9425332642058079,0.9319046406594687,0.9425332642058079,0.9381829620603421,0.939484628172395,0.9535345525757387,0.9545589559558177,0.9841965228970576,0.9821703207541319,3.352416944902667,3.3304174682383088
82,Overexposure,1,26.66194721769542,27.18615370374886,0.937491486059442,0.9459182100431011,0.9325498081980383,0.9459182100431011,0.9506022636316578,0.9513807667744293,0.9456174480392472,0.9456132178050476,0.9872576179415576,0.9847940675849868,3.8686532702749576,3.8433758300274947
83,Overexposure,1,27.95676078788562,27.110574008743534,0.9341709131387378,0.9397983008326455,0.9393301791368625,0.9397983008326455,0.9503123929784609,0.9514406683626422,0.9655589978662282,0.9657586132881342,0.9834351624493924,0.9800037270287061,3.2707746709938945,3.29753520159858
84,Overexposure,1,27.983936752581478,26.88771212964831,0.9351379423003143,0.9410682743469061,0.9285952602929521,0.9410682743469061,0.9410405941130224,0.9425569213614357,0.9458325066681549,0.9468419673626817,0.9842979324588478,0.981837115523615,3.455019167483589,3.4381282604214665
85,Overexposure,1,27.874201060134553,27.055126909417062,0.9370062482888186,0.9451031633835404,0.9335034869018703,0.9451031633835404,0.9419576149009035,0.942148033585538,0.9588566748980741,0.9593283198492195,0.9844536033459573,0.9805165928324023,3.526032859065553,3.5099443071840613
86,Overexposure,1,27.744349656398896,27.149806555075035,0.9373449596081953,0.9447101837900963,0.9301927976423763,0.9447101837900963,0.9546251704609581,0.9548620191603879,0.9532913762907322,0.9534831369212229,0.9856348754061586,0.9830596229590279,3.5790319472834558,3.5827190603555152
87,Overexposure,1,28.051297336208073,26.78454328595093,0.9354757221228358,0.9438129183786993,0.9321614640254237,0.9438129183786993,0.9252602437318839,0.9262805335056569,0.9601270331133069,0.9604528303106883,0.982131455508445,0.9782547465781354,3.344978922963759,3.3495869408031647
88,Overexposure,1,27.454018310953586,27.18409556915013,0.9366837636789886,0.9441724437042656,0.9228251924648984,0.9441724437042656,0.942428170213671,0.9435068843698826,0.9490645846266481,0.9501283132286555,0.9841566951456546,0.9816906120355319,3.6487573169157272,3.6241520876719253
89,Overexposure,1,28.142804314262353,27.231094532635147,0.9348741239469831,0.9250146915718809,0.9339515608600569,0.9250146915718809,0.9271443868059474,0.9271286300699465,0.9639142565122802,0.9641403788434003,0.9821507415288995,0.9778328653002322,3.325695939300034,3.332755595556401
90,Overexposure,2,28.93180284749839,29.506121705681608,0.7825009600549613,0.7989826562040168,0.10145760972018784,0.7989826562040168,0.0010866959139825294,0.001090884237890299,0.29550676234492335,0.2965226927745905,0.9670257472288751,0.9662347363087155,2.076608631713162,2.072517108934152
91,Overexposure,2,28.543819259326657,29.142948449334312,0.7718550759056434,0.7861841051475481,0.33372576954936395,0.7861841051475481,0.012349401099762049,0.012448190157905714,0.37979712238301994,0.3802409645035095,0.9670430016068532,0.9671157672068971,3.7052644583117553,3.6044585917802427
92,Overexposure,2,29.1267919648158,28.371054704381258,0.7349785033091764,0.7499504192927982,0.28215339534364137,0.7499504192927982,0.00024473883522986117,0.00032086302810215017,0.18019832318980505,0.1860361105450291,0.9746668538089619,0.9745795016268609,2.9691163226543518,2.94521608877322
93,Overexposure,2,29.215384569901328,28.54622592437266,0.7688369367215035,0.7904093315986821,0.2603110512382192,0.7904093315986821,0.07009861118037308,0.07077419200691921,0.522587074063189,0.5231524809940477,0.9599954245574361,0.9591704445483303,2.046531785531949,2.040701487345162
94,Overexposure,2,28.700844851796774,27.408790737883436,0.8087478073761181,0.8217004729952821,0.297628277572906,0.8217004729952821,0.008866227731799129,0.0090021411499697,0.31756545733688146,0.3185075195919488,0.9677570962058167,0.9680567182043974,2.2994858815837693,2.2991710591493413
95,Overexposure,2,28.980255411790942,29.506322422128704,0.7874786954740515,0.8029235022760439,0.1166272227253091,0.8029235022760439,0.00021230557690954567,0.00021602787010565797,0.25628851295105815,0.2563417827372834,0.9693724671457232,0.9687268787137341,2.67480580141319,2.659085126669827
96,Overexposure,2,28.79344764873371,29.555418073304587,0.7817557169051568,0.7970358811369913,0.1859086851230562,0.7970358811369913,0.00010594724714077508,0.00010791168112604378,0.19657178195824343,0.1970184240131465,0.9706152796399345,0.9710501595264868,2.537949916429723,2.5453766626610714
97,Overexposure,2,29.635804892671686,28.661800479871577,0.7864967417846455,0.8039165609413473,0.19424331730443037,0.8039165609413473,0.01220443687844746,0.01201599836534023,0.4129597394795231,0.41194371192164053,0.9662317940948045,0.9651003600189204,2.2619222954499842,2.2513584900654697
98,Overexposure,2,28.645131551701372,29.485128409383353,0.7747521407742857,0.7896459613560747,0.17868713723375862,0.7896459613560747,0.0006591117225120966,0.0006573115166954967,0.23043236289517996,0.23089647777616842,0.9674201028306489,0.9676087994967256,3.5057276994257576,3.493177570560904
99,Overexposure,2,29.00630105780372,28.01420635535539,0.7799067050594848,0.8111581076843062,0.41409704036296024,0.8111581076843062,0.20384637160199326,0.2039468618051387,0.6391010392334567,0.6399009779965574,0.9624513262539733,0.9610407359116604,1.8192955466687897,1.8149660916488872
100,Overexposure,3,28.924435906762575,29.454885250201073,0.7773436566037901,0.7929165917718886,0.09810579301536289,0.7929165917718886,0.0009884414035453246,0.000985187998745259,0.2935990657916215,0.2937058872306327,0.9707079193377761,0.9697920454577801,1.9003699953063744,1.8962543203506113
101,Overexposure,3,28.559513293551433,29.15390109786312,0.7657580370470259,0.7803655372740229,0.33870802674397293,0.7803655372740229,0.011697198919136936,0.011820606580562016,0.3575844054712527,0.35822179320277003,0.9666909241145952,0.9668243789522237,4.814796555815393,4.748260828940706
102,Overexposure,3,29.115419653037186,28.31518038232568,0.7326187945846453,0.7469798182172054,0.058358743937497445,0.7469798182172054,5.528608880446543e-05,5.379193634824368e-05,0.1463249055146368,0.14602494047999426,0.9800598030900111,0.9782297254697679,4.603879605608176,4.572473502204961
103,Overexposure,3,29.192020006996167,28.45757464033657,0.7488098837650257,0.767915134178718,0.2567928549673538,0.767915134178718,0.06036469791478589,0.06052977717670494,0.4983759589714872,0.49846425706806863,0.960132792659516,0.9594605746902488,2.12461134253746,2.1147334821787305
104,Overexposure,3,28.667299137496542,27.38150111715189,0.7964436448967172,0.8091289151949197,0.2653692456027699,0.8091289151949197,0.0063243878409699715,0.006507336445253882,0.2840227647364793,0.2852000364053209,0.9664707179865695,0.9667891569812974,2.7853691298003236,2.7845155907476506
105,Overexposure,3,28.981930004361494,29.50807499194316,0.7838045529171485,0.7990122192125285,0.11824049660242059,0.7990122192125285,0.00020095852223989076,0.000202032043531798,0.25259021688859123,0.2527967339472496,0.9706672049318303,0.9705733785756477,3.070271806753156,3.0519153854825207
106,Overexposure,3,28.78525867911585,29.538646935468783,0.7772344899798328,0.79206656158129,0.1462152224127732,0.79206656158129,9.215843610345639e-05,9.295811517605301e-05,0.18846722351307396,0.18868005094165918,0.9715738244107357,0.9719342409449634,2.5660027500413998,2.5713763910770626
107,Overexposure,3,29.62324695886522,28.629910818980182,0.7767942622168893,0.7929105209312488,0.19158737474504403,0.7929105209312488,0.011074705243554032,0.010759317798548416,0.40011861554968076,0.39868641247329745,0.9684059328553111,0.9682739007827201,2.3428045304586074,2.3339401760119602
108,Overexposure,3,28.624839419859324,29.46677691571572,0.7715959199556005,0.7862469550007852,0.14175262142148207,0.7862469550007852,0.0005213899642856704,0.0005304276630364231,0.22157245463532588,0.22190997252003097,0.9672070306800467,0.9675064296405312,4.275782730952319,4.262562131594752
109,Overexposure,3,28.926292587477608,27.87098524885351,0.7520388742671835,0.7784162831837343,0.40168886797253067,0.7784162831837343,0.17713431897692217,0.17720649055139956,0.5933075287763016,0.5940575302309047,0.9612325339756832,0.959336161122872,1.6929086054375175,1.6891551449021538
110,Overexposure,4,28.92204222550538,29.457964183200875,0.7749532243715407,0.7899816414907311,0.09877463544377392,0.7899816414907311,0.0009766988600597006,0.00097270460831797,0.29367987536581125,0.29372187394104415,0.9702564414924678,0.970794763665334,1.9419913328989695,1.93879187270147
111,Overexposure,4,28.54687836423979,29.132007219625343,0.7589225645985512,0.7735943492524918,0.30645825193553045,0.7735943492524918,0.007919040089100491,0.008155909527014317,0.30452309098845726,0.3071848323989034,0.9651392756641409,0.9652752827048448,4.930119596078556,4.912830059869721
112,Overexposure,4,29.115677091430456,28.315109858038767,0.7308568160754589,0.7450662728720925,0.046591509634566826,0.7450662728720925,6.411174353209261e-05,6.0187194114678024e-05,0.1456014109901082,0.14495682601660886,0.9807090773018615,0.9810052287906433,4.848638121387446,4.834780756515882
113,Overexposure,4,29.20131542353313,28.45481886738666,0.7390525002225234,0.7565721538062142,0.2573876252647399,0.7565721538062142,0.05728606953458651,0.057307372749036224,0.488252359403014,0.4883848246154753,0.9627768481567996,0.962221910366128,2.283990379478237,2.27165785962869
114,Overexposure,4,28.67106634019442,27.37268853248688,0.7902052733328896,0.8026194285967916,0.23644663417934123,0.8026194285967916,0.004587992159197883,0.004882327881929212,0.2596533789295072,0.2618737216547875,0.9657580511869834,0.9664052562990555,3.706677854194332,3.6953699106956654
115,Overexposure,4,28.990351436739182,29.50323659818575,0.7815668991778386,0.7966012179337063,0.11942475561289126,0.7966012179337063,0.00020744890469586257,0.00020995412699811243,0.2499854060263108,0.25010312231565063,0.971974599615391,0.9714266822070878,3.531994552197592,3.512076193044275
116,Overexposure,4,28.77916758961495,29.530985808302546,0.7746743249139179,0.7892243946479566,0.11350579933975177,0.7892243946479566,8.34576629698528e-05,8.597941441619831e-05,0.18575174759726018,0.18622394335150566,0.9708170638528935,0.9712270306722708,2.5966859492147454,2.598267376357257
117,Overexposure,4,29.624436656512877,28.623956901153925,0.772090814955086,0.7874842867634837,0.18550180660186225,0.7874842867634837,0.0104116817797137,0.01029443298885795,0.3912519367296807,0.39006686771904214,0.9703434875634,0.969852606429376,2.4550975788369716,2.4480523872762614
118,Overexposure,4,28.61994476689629,29.458587009325488,0.7677654192588603,0.7819719258010908,0.12554673629850177,0.7819719258010908,0.00047795713969483246,0.00048692356442380386,0.2131733414420283,0.21402716947249006,0.9663946506746292,0.9669685050675849,4.69499463264569,4.6749549810526725
119,Overexposure,4,28.937281010127947,27.826318404326354,0.7371915153429298,0.7576756323778275,0.3925265249210007,0.7576756323778275,0.15367527318149102,0.15406583102205076,0.5568633032311807,0.5575856645096683,0.9609455879103804,0.9603682550980527,1.582058836349226,1.5786205911088018
120,Gaussian Blur,1,41.96707469119897,29.438423427300616,0.9699649931114386,0.9637084568519377,0.9589280139892866,0.9637084568519377,0.9356466126366042,0.9292838984486427,0.9589614771583296,0.9548773490256771,0.9863302659961809,0.9844895235035741,4.801346098107228,4.785717067371578
121,Gaussian Blur,1,39.015478556315195,29.407994271440188,0.9546269239056884,0.9493148771935522,0.9675950274988867,0.9493148771935522,0.8884782221604752,0.8819930784473857,0.9265231299834655,0.923488139814176,0.986549399308401,0.9857339510434944,4.753927298082813,4.721424958996623
122,Gaussian Blur,1,43.92350109656604,29.446208129982274,0.9748816641237747,0.9696699264481773,0.9604882704075867,0.9696699264481773,0.9560911631982766,0.9507179208229377,0.9644842065645278,0.9611581434507603,0.9876141909818934,0.9871031833270513,4.869476002863237,4.85222713989625
123,Gaussian Blur,1,39.25247302236506,29.396442000596977,0.9469731455100561,0.930540616507583,0.9741853787036021,0.930540616507583,0.8691882674235143,0.8631296138050839,0.9260127279095349,0.9233878779191403,0.9823900307954855,0.9811611174775516,4.704519872899126,4.692953615524727
124,Gaussian Blur,1,39.1284678917617,29.417825962618455,0.9533572634880203,0.9482502548058225,0.9673413053777742,0.9482502548058225,0.9065012809542068,0.8994078530661648,0.9400124515344022,0.9358424985001083,0.9867255049617596,0.9843365184324988,4.749291236257498,4.73267269234981
125,Gaussian Blur,1,43.109766717134704,29.414808001466398,0.976096455034638,0.9706640824950121,0.9544389601220818,0.9706640824950121,0.8965915211000239,0.890509536897364,0.9443571912783693,0.9408938637812801,0.9821678424514542,0.9833388177922854,4.802502015911083,4.808281128411243
126,Gaussian Blur,1,42.583513834220206,29.437844374875507,0.9761352754353834,0.9711912031354011,0.964867147097537,0.9711912031354011,0.9477548026792851,0.9432006696319484,0.9610556042306186,0.9580653510707039,0.9864028793010781,0.9852949184319523,4.809636048039786,4.801898839484605
127,Gaussian Blur,1,38.98128674258156,29.37331426111833,0.9408581819795018,0.9351550292992331,0.9530358827979345,0.9351550292992331,0.8589352043457893,0.852388605584524,0.9121246868984055,0.9092005979900433,0.9814932543101351,0.9818774246864511,4.743012173716907,4.719786129420894
128,Gaussian Blur,1,41.615873444041114,29.4033069020152,0.9669383548427406,0.9621579670891038,0.9631618415082839,0.9621579670891038,0.940990590830461,0.935630452588982,0.9565947559591139,0.9529037274371327,0.9857732576787968,0.9856893056967345,4.820211790883883,4.801972781151724
129,Gaussian Blur,1,39.15095010535605,29.4772450798569,0.9492417621508558,0.9198170081096477,0.9707004097158332,0.9198170081096477,0.890431408693934,0.877668259505751,0.9351205398211049,0.9296304490430011,0.981720185946201,0.9796056363562065,4.736028165882149,4.713224393142674
130,Gaussian Blur,2,38.9816682815143,29.31789813223493,0.952954062201237,0.9492401336088935,0.9163649703784178,0.9492401336088935,0.7546478166137327,0.7468443345728326,0.8589431665110862,0.8556720849148293,0.9763910709907788,0.9778437565746623,4.982478301237306,4.981472792547465
131,Gaussian Blur,2,36.567863318377725,29.238190481398163,0.9260140920995598,0.921843639642805,0.9174724259305905,0.921843639642805,0.6085042977870951,0.6046705224864941,0.7719935022603757,0.7700007401390123,0.9757966939408658,0.9767262764511169,4.972947306905139,4.967339333624386
132,Gaussian Blur,2,42.00795039929555,29.39338361370418,0.9688879872183253,0.9639089110460536,0.9325061507820773,0.9639089110460536,0.9004988134274202,0.8963292789264138,0.9247524562369043,0.924086736711622,0.9826198929835769,0.9815706898646653,4.973214322444268,4.9718285544175345
133,Gaussian Blur,2,35.928232351465525,29.167667185814427,0.8999965919264249,0.892356028431147,0.9245758209417576,0.892356028431147,0.5499804487798902,0.5425929201105884,0.7560396892106793,0.7529681559292121,0.966945248503785,0.9679076869585704,4.978105557414513,4.9774152656545025
134,Gaussian Blur,2,36.81499436051185,29.20769902498686,0.9236691201283792,0.919706523984337,0.9176500809268109,0.919706523984337,0.6599198396551003,0.6549218535175818,0.7998948278926153,0.796731992520464,0.9745343620015502,0.9752181100338381,4.970563899573495,4.9709184205661145
135,Gaussian Blur,2,39.70692922049867,29.349286555033466,0.9604558137798713,0.9560260127436416,0.915500673829228,0.9560260127436416,0.6200873685735492,0.6101543480098547,0.8210666379393574,0.8180114867152507,0.9730332510893897,0.9743204120230339,4.983772518350779,4.983359624981513
136,Gaussian Blur,2,39.53585309639615,29.34390642733128,0.9634819661470859,0.9590014913096354,0.9295273131421994,0.9590014913096354,0.7711516095263644,0.7644868530238373,0.8598107897901626,0.8584401971322728,0.978214750722814,0.979827638395807,4.9776787631977655,4.9771175081014185
137,Gaussian Blur,2,36.97661738937816,29.228565592494448,0.9111971280816407,0.9073334497333271,0.9050597119555097,0.9073334497333271,0.5622732656473393,0.5534469229647496,0.7721490701575653,0.7692064294759329,0.9714956935096491,0.9702801375926555,4.981573576842835,4.979942416189824
138,Gaussian Blur,2,39.548482259578684,29.294434123875593,0.9546874326266882,0.9503127877480781,0.9287516713211987,0.9503127877480781,0.8215272796376594,0.8169729584491232,0.8814318526459478,0.8792764618856498,0.977518987223487,0.9778331386072389,4.9775554475681245,4.975607621039452
139,Gaussian Blur,2,35.39679072790684,29.247495940440068,0.906538686791838,0.8961846495121722,0.9325911087366645,0.8961846495121722,0.589468929346132,0.5868025795607389,0.7898736238280037,0.7885125402313357,0.9693059952241508,0.9700034235220611,4.968357774554885,4.964865894716195
140,Gaussian Blur,3,37.20545149370389,29.150980558055494,0.9433623602307978,0.9391256000168003,0.8617920311916791,0.9391256000168003,0.6052925502959584,0.5992891696408216,0.7745769278558797,0.7727451502075391,0.9702992750116406,0.9722142657641522,4.995985871999685,4.99577839999091
141,Gaussian Blur,3,35.2958688224488,29.058899608257637,0.9191778772206974,0.9150841995605457,0.8553851335478739,0.9150841995605457,0.4483725945565639,0.4460973766487725,0.6736046957810836,0.6728268569270723,0.9696950408158826,0.9717031557865041,4.994487059843073,4.9938316412507024
142,Gaussian Blur,3,39.81888539849266,29.305433279844944,0.9651299549376106,0.9601744962339023,0.8923200203375291,0.9601744962339023,0.801207260204259,0.7987568069623555,0.8668873762318219,0.8664265171164464,0.9783199684695311,0.9787426833032176,4.9893865853016885,4.987399233377636
143,Gaussian Blur,3,34.146733692168326,28.96883019208884,0.8814803109197734,0.8789078618721371,0.8651685575011753,0.8789078618721371,0.35033226471452433,0.34599136273545716,0.6514562794523695,0.6493079886677209,0.9630418557422711,0.962988533902411,4.995245374957423,4.9951560422383965
144,Gaussian Blur,3,35.555371257694695,28.99600266844381,0.9149913466743399,0.9112922693990572,0.8593516279381325,0.9112922693990572,0.47970986177977537,0.47545581149378824,0.6950135921410234,0.6938962347199973,0.9683202596625886,0.9694658584023892,4.990616593324135,4.9908232111603565
145,Gaussian Blur,3,37.68788606393776,29.195953936071692,0.9540714376481986,0.9499850125230227,0.8696515416275717,0.9499850125230227,0.4475890307197347,0.44541064904597366,0.7340317618187004,0.733955751661461,0.9692013983132887,0.9700459458887754,4.996124682758619,4.9960706267441015
146,Gaussian Blur,3,37.63534986843403,29.208711918168113,0.9574496996830509,0.9529285960558326,0.876980160716749,0.9529285960558326,0.587730207646642,0.5841350226594848,0.7591188495281489,0.7581769878244359,0.9735700767131318,0.97410658049333,4.994008414168213,4.994226627763497
147,Gaussian Blur,3,35.57351214329459,29.04072330114279,0.9022787687171094,0.8984612913593292,0.8563650136093907,0.8984612913593292,0.40078857518026767,0.39539223183512817,0.6932250846554477,0.6914044894173932,0.9660216126653177,0.9674739286963363,4.996033797502545,4.99577601177447
148,Gaussian Blur,3,37.92042768561309,29.147534053660916,0.9500428902368655,0.9457381299688953,0.8821812879383553,0.9457381299688953,0.7019624811721938,0.6979428023100931,0.799416057673914,0.7987458618562238,0.9726220260736547,0.9733845954559258,4.993570754508533,4.993177081149467
149,Gaussian Blur,3,33.74985791778889,28.90647457121391,0.882595751537783,0.8827904600524457,0.8820132678616386,0.8827904600524457,0.39095382416888563,0.38895896799749596,0.6914233685784835,0.6904618088028425,0.9634432122419634,0.9650453751196487,4.988764891552428,4.988023297769376
150,Gaussian Blur,4,35.81900896467297,29.045142461593286,0.938571514594719,0.9339752864646399,0.8075888359322473,0.9339752864646399,0.46747007302346544,0.4641788416403094,0.6901945276093536,0.6893033718356181,0.9682060413924339,0.9687382746673096,4.997770850677952,4.997696579461515
151,Gaussian Blur,4,34.27153628016557,28.960953341102584,0.9159691756971406,0.9118661538873498,0.7823978068994643,0.9118661538873498,0.3403850320626438,0.3398227552895928,0.5984764043418861,0.5982775036827618,0.9673224225893624,0.9688196048284109,4.996440706391579,4.996379443338361
152,Gaussian Blur,4,38.07208024862753,29.215812479331184,0.9619693183808203,0.9571862443675205,0.8510209507048261,0.9571862443675205,0.6776558181405841,0.6727697421589612,0.8109400290644229,0.810554505457298,0.9760024091126652,0.9758632106051438,4.991257391873114,4.98945802961842
153,Gaussian Blur,4,32.98570614377403,28.78606028792561,0.8705613762909684,0.8695035591536204,0.8109976211166195,0.8695035591536204,0.2271572823191726,0.22497573188295833,0.5721156170071049,0.570502643988544,0.9581338139704755,0.9581501856032085,4.9953633884328,4.995372351853659
154,Gaussian Blur,4,34.407748158214886,28.830169303078044,0.9104916271437908,0.906814042631875,0.7935567431382905,0.906814042631875,0.35079512159249837,0.34964008779337974,0.6145624397388809,0.6141952828325832,0.9649221252854563,0.9658166459121015,4.994346238605622,4.994461211246639
155,Gaussian Blur,4,36.27606459284567,29.060348423949563,0.9518365127923666,0.9477688177526832,0.8188949452586153,0.9477688177526832,0.3533353243605355,0.3512025024865122,0.6688300205634394,0.6682033766146358,0.96735248090223,0.9679638934461405,4.997787153069609,4.997837406457959
156,Gaussian Blur,4,36.25088588973441,29.110051564138,0.9548343209078259,0.9501824538069101,0.8213177825593411,0.9501824538069101,0.47031628847005424,0.4684056221469321,0.6843714537372623,0.684608499452242,0.9694945489835928,0.9704438225560233,4.996532022482512,4.99665009247877
157,Gaussian Blur,4,34.509426245856716,28.909371008055263,0.8972884156980503,0.893128447155613,0.8052124662106521,0.893128447155613,0.2991479686894483,0.295830899500979,0.6296925101555017,0.6282889849868686,0.9629604250736176,0.9645883507782477,4.998012923771979,4.99800397649625
158,Gaussian Blur,4,36.50981587484102,29.022560363085024,0.946997485068631,0.9425775732469871,0.8261045217649818,0.9425775732469871,0.5845831012795141,0.5822646568127665,0.7218707188728798,0.7212061419150649,0.970467347024606,0.9698352979957044,4.99586741658159,4.995342301189728
159,Gaussian Blur,4,32.643465727759526,28.622063036435122,0.8662082905380006,0.8690463508492031,0.8228616251088473,0.8690463508492031,0.27138176080399345,0.2697796480050592,0.6213003600112319,0.6195337214428512,0.9612585860103025,0.9617803116817898,4.993081049194018,4.992908941298828
160,Contrast level,1,28.721729183042335,28.612158390268327,0.9533450283696555,0.948793569516498,0.8083203658287099,0.948793569516498,0.8083505072390691,0.7939724035395749,0.8227858370440231,0.8101383818864113,0.9817737763575412,0.9787455186642147,3.1191839738040055,3.141015634198778
161,Contrast level,1,28.547885171112274,28.80664992409827,0.9630082936164679,0.9570132349570301,0.8326443592377553,0.9570132349570301,0.7341775748736019,0.7185039454653419,0.8463678899889693,0.833689591543365,0.9772312868966885,0.9751360552065186,2.796404446022975,2.8420812839983274
162,Contrast level,1,28.47677685998123,29.064951948484016,0.9660520432732035,0.9597516933370966,0.7921021472969538,0.9597516933370966,0.8434256793793597,0.8457231132565957,0.873975359819072,0.8746718801722666,0.9830658145290835,0.9795984076854911,2.8186126683627153,2.7935760277995056
163,Contrast level,1,29.135152464529618,28.83626327484602,0.8991509526881678,0.8960952045714947,0.8241354358978132,0.8960952045714947,0.6871474136782879,0.650426066225378,0.8285136720017829,0.8086471795571727,0.9760486232097815,0.9746253526116737,3.346339624854237,3.4569952102008177
164,Contrast level,1,28.790783305250798,28.47505058088354,0.9484217274314258,0.942008979586117,0.8131835624343706,0.942008979586117,0.7671273917786983,0.7538691407759648,0.853111723412568,0.8448504733916138,0.9802139572793884,0.9770078139554941,2.6314795880060893,2.6222534696228728
165,Contrast level,1,28.502981625235336,28.53158350869996,0.9553493611837177,0.9522828286497874,0.8082100998444661,0.9522828286497874,0.8198572992211361,0.8188261387746578,0.8369585155010276,0.8291891110261651,0.980476481338378,0.9785100860632239,3.55261744122836,3.6359900046274207
166,Contrast level,1,28.510216543619265,28.766840402305935,0.9618975884791984,0.9565553441911564,0.797592027524217,0.9565553441911564,0.8221045760000757,0.8200920547260299,0.848645054687637,0.8450951992396399,0.9819422947227856,0.9791088121803742,3.159312534143654,3.1629626303329914
167,Contrast level,1,29.240012336197164,28.216713201392096,0.9364537631128114,0.9293576461521388,0.8117759258256558,0.9293576461521388,0.7293103167678792,0.7180360606042198,0.8211324325669059,0.8101454307110083,0.9773048197547649,0.9768550345135644,3.302336149508491,3.3606008194228147
168,Contrast level,1,28.644195674774448,28.77218108861969,0.9655968414601357,0.9603024447973328,0.8042132791922478,0.9603024447973328,0.8094000033859449,0.8068354029854543,0.8589084500473139,0.8532414131681467,0.9824591199643753,0.9788591314652128,2.9113403146910164,2.9348304137230645
169,Contrast level,1,29.020957882911752,29.10897287620413,0.8601096005220208,0.8594250558404222,0.8529058250546211,0.8594250558404222,0.5705215697190041,0.5400375668243739,0.7860348896492336,0.7699595652196836,0.9717710479043965,0.9714215553543472,2.9775103634818074,3.0805388232926862
170,Contrast level,2,28.00359989582188,27.869948787318965,0.906787086978996,0.9146092912112498,0.6664532903374475,0.9146092912112498,0.651241919058966,0.6350811010864628,0.7151459880428144,0.7015841784394927,0.9771286193267634,0.9748812464513248,2.339384934669429,2.4003492573540184
171,Contrast level,2,27.991514078928134,28.006692837844668,0.9144208025558174,0.9188705627652254,0.7124259562381101,0.9188705627652254,0.5533397617369087,0.5311750628353957,0.7225074896177371,0.7058220892127025,0.975348084187144,0.9720017646764688,2.2024029211087317,2.2562307359399094
172,Contrast level,2,27.90245245121115,27.981334590148258,0.9135667626923049,0.9187037935802578,0.6450134216957086,0.9187037935802578,0.7309028849015528,0.733789209593642,0.803543379219184,0.803947067034252,0.9788451899566798,0.9755892759384535,1.9414399750761946,1.9572947058905654
173,Contrast level,2,28.4542983833545,28.35803492608393,0.8467909893054671,0.8560527719982528,0.6905629885473237,0.8560527719982528,0.4490628205862022,0.4260809404666312,0.6862131271701358,0.667592517564666,0.9706075616483227,0.9684352817333829,2.5478196815295857,2.6406918449313266
174,Contrast level,2,28.065858536575462,27.879928183501118,0.8960922229810412,0.9011868227687985,0.681233411650005,0.9011868227687985,0.5592322194522711,0.5462442988514287,0.7287277081893535,0.7181812575562332,0.9740036695878119,0.9719088979083468,1.8874669375375768,1.9032664436792979
175,Contrast level,2,27.919155921986757,27.869309391875806,0.9117395472746654,0.9200639360467516,0.6659618725891958,0.9200639360467516,0.6918778504594418,0.6913824808828819,0.7359915981863856,0.7297825613236851,0.9774681265671018,0.9742895801761787,2.857093981518644,2.9584372691024203
176,Contrast level,2,27.928169189673973,27.917829846471452,0.9148373747727764,0.9217789160997499,0.6631214301694017,0.9217789160997499,0.705795795864536,0.7052718923513555,0.7641314302136926,0.7602150928487361,0.9785056116973219,0.9746655536829746,2.4282969373182444,2.4670196016780666
177,Contrast level,2,28.11907587064535,27.95145331811195,0.8887915504937695,0.8939959539838952,0.682058859129663,0.8939959539838952,0.559618128288447,0.5441890100130847,0.7054502565762072,0.6895977637588974,0.9730477289179327,0.9704212140906655,2.6318734619525506,2.690922601279886
178,Contrast level,2,27.956872202899326,27.913711791904838,0.9196655199897893,0.9253193390316525,0.6568294649468853,0.9253193390316525,0.6559406443885851,0.6514099365287134,0.7610788387697014,0.7545452727163429,0.9770557714592304,0.9737923309136051,2.0902064747063935,2.1197312275585425
179,Contrast level,2,28.416155853654747,28.473300129625336,0.8130174760979819,0.8245955586464585,0.7456510957596979,0.8245955586464585,0.3707023096956761,0.3480588873859419,0.6641625559091713,0.6486339930200381,0.9685842451921781,0.9668038720619094,2.3491290233254696,2.4358995577312776
180,Contrast level,3,27.723085491713878,27.66413961348348,0.8540161723809485,0.8751943996408174,0.5606619377759496,0.8751943996408174,0.5284464726021584,0.5161274039819822,0.6377358889733132,0.6270067170035102,0.9737520514749585,0.9714380782915274,1.8721244148716851,1.9291588222297862
181,Contrast level,3,27.7662278115979,27.759849850066054,0.8635125135198561,0.8807388089111339,0.6239454114658728,0.8807388089111339,0.408647086866125,0.3909845522008226,0.626842341763753,0.6102925530003924,0.9738420120633208,0.970407790564728,1.9404981339303058,1.9936159837896539
182,Contrast level,3,27.673202328457034,27.72718744793382,0.8524722887163525,0.868565624590167,0.533790744872524,0.868565624590167,0.625018546193157,0.6268496715867962,0.7416796924443166,0.7418569868817073,0.9752179872041132,0.9714817543802653,1.4776729276236429,1.4948282308446834
183,Contrast level,3,28.16839693011923,28.267796813758057,0.7916288631233837,0.8127580298692221,0.5970668860901454,0.8127580298692221,0.3243666785555388,0.3079528237017924,0.5876059828102999,0.5710913272796037,0.9661840172072262,0.9647590287105624,2.020683549133218,2.0841190267568934
184,Contrast level,3,27.808234260559136,27.656020416823797,0.8435907052020479,0.8605902139921129,0.5855572616583963,0.8605902139921129,0.4031358188708474,0.39544873980475964,0.6272361681392722,0.6191240959344321,0.9696629369885841,0.9674136479533189,1.4984134267245568,1.5262866627641731
185,Contrast level,3,27.690800193751638,27.658506651063462,0.8581332918335092,0.8788678342458791,0.5603841883655845,0.8788678342458791,0.5833660569565529,0.5832601535897594,0.6607926355495344,0.6557448677421881,0.9747984020114271,0.9708757976437485,2.3093937104583175,2.3911536703172107
186,Contrast level,3,27.6598390913503,27.699543933273915,0.8605880923591541,0.8797550391946465,0.5593644004135447,0.8797550391946465,0.6006624602639017,0.599072162723329,0.6965244629596444,0.6922373145780016,0.9752276187572102,0.9716220973272143,1.948530092834754,1.994365867560994
187,Contrast level,3,28.10980638195129,27.739625217068653,0.8358559976003793,0.8554942071346862,0.5806551830961472,0.8554942071346862,0.43599660386475336,0.425346363545533,0.61022407876162,0.5984989806395429,0.9681617106723145,0.9654639251301513,2.1226012730212003,2.175549976648114
188,Contrast level,3,27.678592637891306,27.656428155154103,0.8640902901892535,0.8822591314644773,0.5591533795229467,0.8822591314644773,0.5212119225398277,0.5146208690722088,0.678087822292859,0.6721541193528734,0.97355486884173,0.9712885401145668,1.67981906030253,1.7080228403886064
189,Contrast level,3,28.06674040165982,28.343546139833464,0.7668157388732473,0.7883147722232902,0.6646256920770515,0.7883147722232902,0.257029927715953,0.24101372135282506,0.5765834353578493,0.5619484939984417,0.964520413809852,0.9625670275708104,1.9605629526560067,2.0319435400711785
190,Contrast level,4,27.78116724074232,27.631655639708015,0.7945357099934108,0.82934733928012,0.483014296172453,0.82934733928012,0.4278019396149443,0.41709539478311614,0.5751987476316694,0.5658887147304051,0.9711607698407169,0.9686916284364947,1.5607491803343587,1.608429228000884
191,Contrast level,4,27.704509681518136,27.70639436136779,0.8065268306687063,0.8371489350587477,0.5582181559930062,0.8371489350587477,0.3056619668798795,0.2935388415756933,0.5479288741899795,0.5344552997048055,0.9720353456920715,0.968423505654528,1.7424474268204213,1.8013713314226163
192,Contrast level,4,27.623653888126725,27.585371291041305,0.7810923311063614,0.8090660324788581,0.4529406149264355,0.8090660324788581,0.5174951651906899,0.5190994944847166,0.6794558936752881,0.6792611509356317,0.9721662402803553,0.9679791747799614,1.1867718879217606,1.1940054241253903
193,Contrast level,4,28.057561412517593,27.88748268510617,0.745494018909219,0.7757049281540827,0.5329789524587424,0.7757049281540827,0.2556684758441738,0.24334413730090343,0.5159899511263117,0.5033298273440422,0.9617730180008143,0.9607404239897527,1.6989372718769635,1.7468258063998765
194,Contrast level,4,27.850408067135696,27.654965702687747,0.7897538124925171,0.8187432208536386,0.5183411785801454,0.8187432208536386,0.3126878600966808,0.3087954351696833,0.5510794503712246,0.544975335123922,0.9684786361916055,0.9668984994908894,1.2705643447897836,1.2968001898925103
195,Contrast level,4,27.730445335326696,27.626455204235334,0.7974799683355257,0.8314397363650067,0.4838250447406124,0.8314397363650067,0.4906981982767585,0.4895108724532399,0.5962787954538653,0.5917638421171584,0.9722003495160563,0.9682047244796254,1.9173555421127686,1.9820673059882874
196,Contrast level,4,27.693144050552192,27.611664331688466,0.7982651409257948,0.8305483777451576,0.4837475008095362,0.8305483777451576,0.5086504374673834,0.5060533916050539,0.6376548543421807,0.6336259497408204,0.9720515852485059,0.9674358476509415,1.6280048970397207,1.6787704676528235
197,Contrast level,4,27.877645346665183,27.83455298162261,0.7799729109317377,0.8145452680921582,0.5077809810662423,0.8145452680921582,0.3508993818992764,0.34197932461383096,0.5406538476438855,0.5298316861907133,0.965220163677253,0.9616681612142939,1.7648119425858888,1.8096205340522076
198,Contrast level,4,27.6781543520622,27.60967219243554,0.8018360701553693,0.8337420834675159,0.4848933057600917,0.8337420834675159,0.4100753553374422,0.40629573168467303,0.6082116510319313,0.6034062645444193,0.9708997355265131,0.9685377720491164,1.409843722025873,1.431653145295754
199,Contrast level,4,28.026176163146378,27.904951353096543,0.7364356886193926,0.7636197175331807,0.6227435302548486,0.7636197175331807,0.20049536796806974,0.187936922382417,0.5204999026314834,0.5058540343867733,0.9610755738744842,0.9596259414549589,1.706516028221421,1.759246854577039
200,Diry Lens 1,1,28.56468493045108,27.866488148989905,0.5802522782259077,0.6912403526265434,0.5270030062193759,0.6912403526265434,0.14376305575497908,0.14656311937748326,0.5441510388374294,0.5476673715691194,0.9674848105624613,0.9659207364177694,2.927936412789639,2.857189137733289
201,Diry Lens 1,1,28.69543439487055,27.962502487406738,0.5946816073692427,0.6985143158224738,0.616123643392931,0.6985143158224738,0.15036582111390248,0.15408542261330643,0.5723424418817652,0.5759276752684598,0.9657874062373375,0.9666698692738935,3.2950235791883564,3.2204871015217336
202,Diry Lens 1,1,29.04212219732869,27.98588133302956,0.5784654188697208,0.6877075788612836,0.5107089290444664,0.6877075788612836,0.14210534074583087,0.14441707736426382,0.47092892980832296,0.47309302478439874,0.9679175520905647,0.9661821175839771,1.888109730799059,1.8234037642426868
203,Diry Lens 1,1,28.521939651958327,28.009592499272863,0.5935982818891816,0.699713587681935,0.6614619080707893,0.699713587681935,0.22035687783343305,0.2258256173510692,0.6481972360352153,0.6516218740051487,0.9664141629518622,0.9644808683168751,3.969025929055017,3.913114338974095
204,Diry Lens 1,1,28.395148885193784,27.826610021058954,0.5961201359933718,0.6982954608410462,0.6156570426323522,0.6982954608410462,0.15340907882105181,0.15624101819855557,0.550008151379417,0.5535522576774767,0.9670939143932532,0.9658202933035276,3.5044177925981024,3.4513906074895573
205,Diry Lens 1,1,28.584226472885344,27.844504222839944,0.5766142694841508,0.6882158276729009,0.5343930073182636,0.6882158276729009,0.1440929536985251,0.14691257926539444,0.533642267520335,0.5368751709136936,0.9652361960964415,0.9649794453537421,3.5293754930852757,3.4550051251563367
206,Diry Lens 1,1,28.66588496735846,27.855034477428312,0.5793833108447703,0.689628278748592,0.5508215710695772,0.689628278748592,0.14690043957571336,0.15011494271327822,0.5067315332699874,0.5102706699213357,0.9671681486564913,0.9661825492099033,3.484047584693406,3.4116229560633773
207,Diry Lens 1,1,28.482534407724522,27.88618587080436,0.5941679457579748,0.6983265455558456,0.5672993056783104,0.6983265455558456,0.1454143987964132,0.14868502926267693,0.5946435904038299,0.5974891387123717,0.9665900336488529,0.9654468545768176,3.8179815517711675,3.754533017653674
208,Diry Lens 1,1,28.702868645325978,27.884758778547805,0.5830878314057197,0.6903240532102699,0.5465824839037181,0.6903240532102699,0.13466695774102094,0.13778683676862818,0.5070690519321288,0.5105445502940589,0.965655265538815,0.9662903627952832,3.0051793357973553,2.931920876344104
209,Diry Lens 1,1,28.36851986000884,28.03081221365271,0.5791628649668487,0.6886289021897721,0.70201169002361,0.6886289021897721,0.2625181574096998,0.26910186453224677,0.6703351479877171,0.674037919030453,0.9660107221080305,0.9646137482144671,3.727077859373529,3.6786125837435146
210,Diry Lens 1,2,28.157745456604772,27.770292468551844,0.37708512081923,0.4849069332059451,0.43102012164482495,0.4849069332059451,0.017174869799981934,0.017400127747345194,0.28620557450954043,0.2882516547627055,0.9603546190327916,0.9599459703800939,1.9512301062385888,1.915591731304077
211,Diry Lens 1,2,28.247141775636592,27.869112225804308,0.39278247403834615,0.4963005958405145,0.5168141243617463,0.4963005958405145,0.023439907296290217,0.023716638282557587,0.3171733300365605,0.3195330723905143,0.9609508064876336,0.959673747735718,2.5025084346543833,2.4616568008938335
212,Diry Lens 1,2,28.404094097891477,27.98979620228019,0.37465090764902703,0.48185498859099407,0.4139216079443042,0.48185498859099407,0.013819084688031155,0.014077292237250686,0.22621288879766824,0.22803239022402966,0.9611650172917662,0.9590534168217215,1.165908911163484,1.1366606396370553
213,Diry Lens 1,2,28.099363259217526,27.783564063076863,0.3960093939949431,0.4990582447937872,0.5710909345925113,0.4990582447937872,0.05106948755336115,0.051789796732715325,0.39858743195293733,0.4010150608459196,0.9590885828360539,0.9584519391475703,3.329624710183582,3.285763037866249
214,Diry Lens 1,2,28.009041537032346,27.6511584296304,0.39388069760365024,0.4949558047617791,0.5167971146020782,0.4949558047617791,0.021552307054590047,0.021864427438419688,0.28976185715064884,0.2914985932089204,0.9603354540286914,0.9591981998846475,2.630091973034,2.5895529044150276
215,Diry Lens 1,2,28.151628500514754,27.803911246954478,0.37290214828992824,0.48192168567812455,0.4399960000773413,0.48192168567812455,0.017499543425808076,0.01776567486018359,0.283778950372424,0.28560352055480515,0.9587513410030649,0.9585353363861204,2.5704374211054293,2.519080978179658
216,Diry Lens 1,2,28.190946212997112,27.837202627960043,0.376157419418581,0.4837714424002577,0.4533445060627963,0.4837714424002577,0.017033057125243008,0.017307202975437613,0.2600874798671437,0.26187247727173024,0.9613907114184231,0.9610552962624828,2.6447398013823404,2.5935182173115794
217,Diry Lens 1,2,28.093766158859292,27.74323367495422,0.39441370564528033,0.49623109014547884,0.47281970197922146,0.49623109014547884,0.022258743675891833,0.02265816449966748,0.3360751526603464,0.3383472464892523,0.9608400723548569,0.9577556176961132,3.021241691091854,2.974712075142884
218,Diry Lens 1,2,28.220516465991913,27.848507878955587,0.37966865587909565,0.4851249407942724,0.4471278237199608,0.4851249407942724,0.014049677601178017,0.014253395925832895,0.2570771937393971,0.25864863509845887,0.960444653037319,0.9602377992636305,2.063825459282319,2.0243912228217593
219,Diry Lens 1,2,27.999171938214495,27.719759973755075,0.379756761179204,0.4832126052686407,0.6084592150986626,0.4832126052686407,0.07153176508282644,0.07274961988006116,0.4333794225802361,0.4367184553821778,0.9585519396624159,0.9588209237607954,2.954295510080241,2.916652326320409
220,Diry Lens 1,3,27.83168782538663,27.608510173983312,0.2543096848469266,0.3397467409629496,0.3652655498646005,0.3397467409629496,0.001424189200682361,0.001457924228833942,0.13270421401547067,0.1341621825748733,0.9548035177805848,0.9542399173107508,1.3998693425371318,1.380630468532135
221,Diry Lens 1,3,27.914993101868273,27.695494768126455,0.26704131514632357,0.3508620420024105,0.4403861232057537,0.3508620420024105,0.002724574527383356,0.0027626408974563677,0.15266764184182754,0.15404369818152716,0.9547979131642815,0.9540288226933971,1.9133284889326947,1.8877564056864387
222,Diry Lens 1,3,28.09962138326121,27.793041981292763,0.25227918780169273,0.3381208992963396,0.34841309785313257,0.3381208992963396,0.000774017868567637,0.000795625273891435,0.09609068837070568,0.09736106377292349,0.9556843335684173,0.9538595075060902,0.8280918768873666,0.8122119956201357
223,Diry Lens 1,3,27.8220004030274,27.6507575146254,0.2740122015421828,0.355776581072648,0.4979657967194211,0.355776581072648,0.009254633719626988,0.00942747740448636,0.21022448451590384,0.21262712927874877,0.9547121523668222,0.9534057981977423,2.682848740670784,2.6511913878338285
224,Diry Lens 1,3,27.759624940436257,27.620235106111867,0.26791722924999695,0.34929348394729065,0.44282245688895316,0.34929348394729065,0.002273683872447971,0.0023128771200902547,0.13308922805097145,0.13452900394321424,0.9542408640438609,0.954027615244287,1.98376346190482,1.958774182785985
225,Diry Lens 1,3,27.85403456143413,27.633802492000573,0.25124039678091403,0.33763867753667615,0.37464553908848963,0.33763867753667615,0.0014202913100211994,0.0014473240707584497,0.1318410872937851,0.13318911966550984,0.9535743318686987,0.9538173704701182,1.888758108549663,1.858331273738061
226,Diry Lens 1,3,27.880685920324034,27.655466397623996,0.25422746251612066,0.33970952821397765,0.3841579504852872,0.33970952821397765,0.0012801789283521199,0.001300875431662425,0.11815247326503762,0.11930848322222032,0.9562291077456254,0.9547207072748609,2.0018241003811763,1.969258507341534
227,Diry Lens 1,3,27.77686944402724,27.6021109338736,0.27130918979861635,0.3524235723646246,0.40362220378427366,0.3524235723646246,0.002423986321237531,0.0024653215600607455,0.16113770675679526,0.16270197838347633,0.9551451089256675,0.9532036300738076,2.329977585377496,2.3006802702678537
228,Diry Lens 1,3,27.913401240963005,27.658389358825637,0.256206720917888,0.3403952711290487,0.37898186385564525,0.3403952711290487,0.001098141485501674,0.0011113331374943138,0.11602444262853151,0.11697325075867653,0.9540996286288513,0.9536928358966963,1.4875209719723035,1.463163882070875
229,Diry Lens 1,3,27.757492832303242,27.64354479921563,0.2579109450280027,0.33920305417895574,0.5243858070574989,0.33920305417895574,0.0140934573718805,0.014312912118487812,0.24022626838922795,0.24219381331166379,0.9523914470845269,0.9535034592799612,2.2869481088895642,2.2599088537562584
230,Diry Lens 1,4,27.756949632402307,27.680191900400956,0.17563192171926095,0.23846560348590842,0.31625736736993093,0.23846560348590842,0.00010986437186431976,0.00011331849858083644,0.06080952929652551,0.061597819723016006,0.9502299965862072,0.9487495221833846,1.0630710335933213,1.0514905989293564
231,Diry Lens 1,4,27.81052254588191,27.75650093566679,0.18417845561203966,0.24659466635819757,0.3836800890043172,0.24659466635819757,0.0002627388537286066,0.0002685884765900567,0.06986363517165034,0.07055131193813574,0.9504913625522662,0.9485486531360874,1.495867006500622,1.4796379825024422
232,Diry Lens 1,4,27.903250182598658,27.74656266532281,0.17405648171941754,0.23728275098620605,0.30397401470561475,0.23728275098620605,4.145656331891553e-05,4.236074952783917e-05,0.04312004382270744,0.043718238617328604,0.9510121844499292,0.9500045538500599,0.6440266418625402,0.6342482148423974
233,Diry Lens 1,4,27.772634883903883,27.72423170986332,0.192527011301917,0.25272673713217986,0.43475679455812466,0.25272673713217986,0.0011480010890790257,0.0011671747932222535,0.09582914573477455,0.09701898963853,0.9496350857811968,0.9482187298572045,2.1304772615799035,2.10960869398899
234,Diry Lens 1,4,27.762707966986735,27.7288288728474,0.18445126077174612,0.2445835397639967,0.3894014985247659,0.2445835397639967,0.00019568265008409094,0.00019849184252036464,0.0592084823638806,0.05985771329868528,0.9490305423973842,0.9491076846878048,1.5426347306993113,1.5270627649571191
235,Diry Lens 1,4,27.767842814929473,27.696629329158135,0.17336631497462723,0.23671258276244433,0.3257848882270947,0.23671258276244433,0.00011019804295677355,0.00011144739300732512,0.0628670357604814,0.06354619832078887,0.9494463116835495,0.9484502970573752,1.4456207621317136,1.4288291019811852
236,Diry Lens 1,4,27.78889248940175,27.689454829630044,0.17596114816888386,0.23886852945353448,0.3348081133910832,0.23886852945353448,8.979190344533548e-05,9.168346826034536e-05,0.05401883451536922,0.05465552171816933,0.9513639121791464,0.9509928900914134,1.5597884785714826,1.5404490861358424
237,Diry Lens 1,4,27.750111128526257,27.719959517440063,0.1891688782587816,0.2489228208710013,0.3486959712917117,0.2489228208710013,0.0002238259503497073,0.00022824433383690875,0.0730666531573798,0.07393798204731038,0.9499542944730481,0.9482793156715627,1.8160574732989958,1.7969505573899585
238,Diry Lens 1,4,27.802703048581133,27.711341278996695,0.17612724396556112,0.23828731991033245,0.3292232658161928,0.23828731991033245,7.781623397755519e-05,7.966416855808699e-05,0.05303517446330595,0.05371921410989759,0.9495927352386861,0.9485195590017795,1.1447648498285232,1.1300500063764427
239,Diry Lens 1,4,27.755513115048526,27.72209177094129,0.17771432168002127,0.23691488748406658,0.4474449247994899,0.23691488748406658,0.0017454925762156385,0.001778651652484814,0.11423398767542042,0.11539113235103639,0.9479950113152235,0.9456885399317794,1.778951990350085,1.7618665723021651
240,Diry Lens 2,1,31.03243246412147,27.922233286887046,0.536365406769318,0.6292036932079206,0.5194283101430252,0.6292036932079206,0.002611410389067728,0.0025654111605983914,0.19621916962907382,0.19598257976413616,0.9603001729131908,0.9601985209214204,1.6603130541333808,1.6545916139431014
241,Diry Lens 2,1,31.052151538352124,27.90716655695148,0.5609966067895239,0.655727068841025,0.6275305368837327,0.655727068841025,0.011057699603397371,0.010907389802900028,0.27863677582478996,0.2783243718225727,0.9607394124490407,0.9601724327928329,2.2305380053797834,2.21870831668279
242,Diry Lens 2,1,30.98805759794717,27.87674417329015,0.5606174198962832,0.6601995488252157,0.5196197785151835,0.6601995488252157,0.0017900954352861808,0.0017576338742809438,0.14532832188714395,0.14510795683327993,0.9604453350403455,0.9605568332289527,1.1232110561235662,1.1169810989234858
243,Diry Lens 2,1,31.518886038209303,27.990270518135855,0.5938281112153256,0.656204923554072,0.6617499631284576,0.656204923554072,0.0622773077774303,0.06183667692327363,0.42177031306455454,0.42102857857258075,0.9613708054993978,0.9616032822550092,2.972187392213787,2.975911023062598
244,Diry Lens 2,1,30.904319382503118,27.92712510479347,0.5314709199983613,0.625037288016847,0.5993806121535341,0.625037288016847,0.00522227901932469,0.0051851430702873486,0.20468104526617387,0.20486233412108223,0.9598339197557207,0.9599065885979894,2.059571765669384,2.054676145949223
245,Diry Lens 2,1,30.967106159062126,27.886756755507616,0.5292483898463979,0.6277432997625334,0.5223645558868103,0.6277432997625334,0.0017323522148953224,0.0016917229550889117,0.17558053470694784,0.17524128146411072,0.9592948331868391,0.9592957501285061,2.026949667623263,2.0155484807360518
246,Diry Lens 2,1,30.91851525425731,27.893063612460246,0.5327853837334481,0.6319344276175458,0.5392336853930226,0.6319344276175458,0.0015695443461360035,0.0015267251524253823,0.14897756909954668,0.14829159279075502,0.9604087603166364,0.9600220038559724,2.129412913884606,2.1255480882518336
247,Diry Lens 2,1,31.20187804593625,27.953313216499282,0.5562480687386191,0.6388338591963363,0.5664178958849574,0.6388338591963363,0.012694857844265023,0.01247836702552216,0.29935091761286725,0.29864107697721815,0.9612233788781234,0.9610406542102677,2.8018163442184822,2.7925361372728235
248,Diry Lens 2,1,30.921936017632813,27.892872056785542,0.543089837518165,0.6399621089186478,0.5431083662283159,0.6399621089186478,0.0019526021849842164,0.0018974407478700053,0.1641623305333188,0.16362603704425016,0.9596684009305001,0.960052281685656,1.6508832804329203,1.645073198548756
249,Diry Lens 2,1,31.80788085405129,28.13961338072719,0.596406204674557,0.6361882224296657,0.7180871381483729,0.6361882224296657,0.11703017860358803,0.11365951304558511,0.48936774526837784,0.48624857496242685,0.962524230673129,0.9606670510086062,2.7001022871008296,2.686711587533979
250,Diry Lens 2,2,28.714130215174688,27.533619907410873,0.3491825993358667,0.4394422159459738,0.3823287337189062,0.4394422159459738,8.255187150255051e-05,8.210271041374025e-05,0.09708958222125753,0.09737767869434391,0.9521692521569196,0.9519667031898302,1.072579095016575,1.0677808757101903
251,Diry Lens 2,2,28.725071262013927,27.50170736238047,0.37254424523619395,0.467627111142046,0.48993773724561684,0.467627111142046,0.0005942620197093913,0.0005955979022489893,0.13640474659520305,0.1369449064937458,0.9535517941245686,0.9541990470044244,1.8233195244177314,1.8148001187491358
252,Diry Lens 2,2,28.691803096832473,27.470639674673482,0.3794901184281959,0.48121952656850864,0.3868764972417404,0.48121952656850864,2.5063367274441447e-05,2.5763229595297422e-05,0.061769423505135854,0.06243528326919135,0.9537319210752343,0.9536210158091966,0.9064665999760025,0.9008354168354675
253,Diry Lens 2,2,28.972262646717134,27.571073813242574,0.40349790522326745,0.4628664757938789,0.5251919697424839,0.4628664757938789,0.0066696468202688385,0.006617115554648913,0.21895391110461557,0.2190276137291208,0.9522164841634735,0.9527284790367938,2.365621706916199,2.366746047450536
254,Diry Lens 2,2,28.629477941385332,27.528755274135996,0.3369154175238131,0.42602772725981375,0.4623508663450452,0.42602772725981375,0.00015725783526105322,0.00015770125438317566,0.08515954382838656,0.08557868495768542,0.9513303735832689,0.9525081150247756,1.6027306771295955,1.5979974977302838
255,Diry Lens 2,2,28.678697017572645,27.49276442376056,0.3414447543903324,0.43711733137253506,0.38839130708403596,0.43711733137253506,3.117984474523594e-05,3.132388845909536e-05,0.0791922604694731,0.0796315049911254,0.9513950788425362,0.9511490437828933,1.5649196592055117,1.5581401616104353
256,Diry Lens 2,2,28.645822400017877,27.486138216195727,0.34512068122232614,0.44279575398158577,0.4062562353608654,0.44279575398158577,2.118827681209162e-05,2.1432316407118277e-05,0.06586390243325416,0.06608556054803973,0.952154431144516,0.9521921864702515,1.8565074322317412,1.8529563153609154
257,Diry Lens 2,2,28.811811911012583,27.55534867681185,0.36461871386266853,0.4434911671881669,0.422511658095848,0.4434911671881669,0.0005883400063245474,0.0005942056284770277,0.14161367569170583,0.14238868201566193,0.9522494092282068,0.9521874459149638,2.267178925012063,2.2570690232352977
258,Diry Lens 2,2,28.659327180891545,27.49690256779436,0.3561390653355951,0.4519336796204035,0.4063925506464404,0.4519336796204035,4.24112965678524e-05,4.224424481331503e-05,0.0787915784374135,0.07904682639354746,0.9522276109355668,0.952822331218121,1.3793178551230514,1.3743605062797002
259,Diry Lens 2,2,29.140885321352897,27.724921114992608,0.4033504088520098,0.43891167649766927,0.5757342451172833,0.43891167649766927,0.016761212420800007,0.016156747909568375,0.2642591117482823,0.2622410602365487,0.9529951174642339,0.9514384058879837,2.3079474686734445,2.306030393798041
260,Diry Lens 2,3,27.71058143662887,27.480336704533563,0.3125688657826208,0.3910549596084667,0.3719566618141874,0.3910549596084667,0.0016109958386957013,0.0016273682620629357,0.1497713007603584,0.1504861325562507,0.9479932146109686,0.9476469523372081,1.1425485139463234,1.1391025349750579
261,Diry Lens 2,3,27.680084773417878,27.469618026514397,0.3323376862531134,0.4139204002282658,0.47185821403805017,0.4139204002282658,0.0027107919235416847,0.0027304040899557864,0.17538099580952426,0.17652271658612748,0.9501307462692986,0.9495537985259459,1.876159194767813,1.8681873960633577
262,Diry Lens 2,3,27.605940811718874,27.41426476743103,0.3438187168736243,0.4312866804605378,0.37511521319872065,0.4312866804605378,0.0012040072684743636,0.0012160433992980417,0.11340805256647124,0.11413937515999123,0.9500189791959112,0.9499310046616495,0.9167373409419705,0.913005961523702
263,Diry Lens 2,3,27.96396960268885,27.522462793496913,0.36646502628770444,0.41241678729286846,0.5187593239145522,0.41241678729286846,0.0048130264908357165,0.004795567338838793,0.20432485815721793,0.20454270044598338,0.9484490521009035,0.9497024086881262,2.5667351418723983,2.567914309111874
264,Diry Lens 2,3,27.667984896163382,27.495105860308083,0.29714181271718637,0.374483826165605,0.4468840143510558,0.374483826165605,0.0012684110879239412,0.001270358951698288,0.1204887186685425,0.12086785161717525,0.9471173755677553,0.9469832619681408,1.7037260901733287,1.7010216198609194
265,Diry Lens 2,3,27.669993839026713,27.462040293871514,0.30701147032689774,0.3908305037728443,0.3777319275152421,0.3908305037728443,0.0009123244362911426,0.0009239690915152283,0.12622713666302451,0.12719802545199996,0.9476136085557668,0.9476998449952241,1.628882457709425,1.6238723798081929
266,Diry Lens 2,3,27.63186909566732,27.48077373157591,0.3100958711912903,0.3959438248276307,0.3924615934585264,0.3959438248276307,0.000944822676319165,0.000954026907552652,0.1133174342294183,0.11371960430596932,0.9486303372985821,0.9481465862151991,1.8804928303569648,1.8787319198120456
267,Diry Lens 2,3,27.78486567359721,27.49731167360509,0.3253321029193992,0.3910216797060064,0.41616608314418224,0.3910216797060064,0.00191016313358298,0.0019313017443831413,0.17061725315660764,0.17135191241606834,0.9473927795817392,0.9473287341064475,2.3378279957986403,2.330393767745291
268,Diry Lens 2,3,27.641014226999783,27.473860245176738,0.3191513600124207,0.40260693064124936,0.3908617108440953,0.40260693064124936,0.0015092901662976232,0.001510414028186136,0.13469470721014043,0.1351112994209203,0.9497763742662142,0.9496643237770012,1.4011030649605947,1.3975548523654426
269,Diry Lens 2,3,28.07977159272719,27.662961543347254,0.36469474353298775,0.3889717524966492,0.5639157199509386,0.3889717524966492,0.008797453031647872,0.008351957118655997,0.23423071066964726,0.23122726615700462,0.9479663044892523,0.9460450377924883,2.455197253549817,2.447075567843084
270,Diry Lens 2,4,27.68217004288092,27.518568622987743,0.279935194710906,0.3476825425477797,0.35940365531883633,0.3476825425477797,0.0004980329416536019,0.0005012531584664575,0.11428416359917244,0.11481536909455124,0.9458600106841671,0.9457152223059072,1.19997555168077,1.1954848490929817
271,Diry Lens 2,4,27.62843380805542,27.51695604753862,0.29452856032625485,0.3645723532211091,0.4484772984111404,0.3645723532211091,0.0009173762811094555,0.0009235646174605141,0.13850940573287635,0.13942005337080446,0.9485977250014812,0.9511064977262802,1.9157612369935693,1.9088223063265872
272,Diry Lens 2,4,27.58797958316679,27.50325004995212,0.31209978196359084,0.3880619603932727,0.3729553154305793,0.3880619603932727,0.00026513895657544255,0.0002684069811583976,0.07788334631160973,0.07862292684801171,0.9480775477339116,0.9478941609661296,0.9291340481202512,0.9250084044942497
273,Diry Lens 2,4,27.918000421374323,27.544318817130467,0.33344927341480235,0.3677647992536178,0.48768936903787197,0.3677647992536178,0.0011970757729175777,0.0011880434531693711,0.15196168000897933,0.1519745659889065,0.9470046471567055,0.9486657450378948,2.587584688262342,2.5876831360021066
274,Diry Lens 2,4,27.621208146639134,27.527740051124994,0.2593183027839798,0.326609927862809,0.4288275832923034,0.326609927862809,0.000414049247847349,0.0004144201221582015,0.09542039612394652,0.09576442613067526,0.9482166948365924,0.9481026586885258,1.7255577448838468,1.7219877807513293
275,Diry Lens 2,4,27.62628370736634,27.496353590409022,0.27650164948747874,0.3488934716968087,0.36453156163792066,0.3488934716968087,0.0002272813113767889,0.0002304861777737595,0.09353580877410936,0.094246038069455,0.9458000003140808,0.9461772910326292,1.6828203694820052,1.6770221079523726
276,Diry Lens 2,4,27.621468433635805,27.50847241729852,0.2789751732865804,0.3541081791459187,0.38217778196596236,0.3541081791459187,0.00020765332025059584,0.00020917059399101908,0.08003267405145281,0.0805230361063149,0.9460955557153583,0.9475622329460106,1.897458067604845,1.8951994852090384
277,Diry Lens 2,4,27.73894740064555,27.524203621963544,0.28791258605760217,0.34229472378870424,0.39619157606476146,0.34229472378870424,0.000801086291614412,0.000810014927924559,0.13926444231459134,0.14007725674618215,0.9460399939165071,0.9459398451493151,2.2715518239269934,2.265980987959901
278,Diry Lens 2,4,27.60734689987335,27.505379862934323,0.28529363155333715,0.3583781450820239,0.3749618482655547,0.3583781450820239,0.0004626438579554408,0.0004656932258457596,0.10071736547941028,0.10107280783672823,0.9475575783326105,0.9475184819298169,1.398786676574947,1.3934905055755096
279,Diry Lens 2,4,28.016408944437,27.686260037846683,0.32984465942600705,0.3440621568727891,0.5268672736081936,0.3440621568727891,0.003384997272579269,0.0031512907553523798,0.18797063608587872,0.18466725797562392,0.945435798560302,0.9446005162649986,2.5328525399738737,2.530338727505525
280,Salt and Pepper,1,28.642678411338114,28.658850201602473,0.106345346064294,0.1770368321265688,0.42838041777229424,0.1770368321265688,0.11717350472113282,0.11868031452836818,0.4697867133163598,0.4731033580857538,0.9661789943087269,0.9665681246181004,2.8025232601128254,2.738548320617735
281,Salt and Pepper,1,28.613915360621483,28.642280292056395,0.1175681391924062,0.19243336203866995,0.5408360778541381,0.19243336203866995,0.12250475424539684,0.12395719918956233,0.4872247815163443,0.49035476376358555,0.9648691395323746,0.9657082375948612,3.333950896866022,3.273100331818661
282,Salt and Pepper,1,28.628735435028176,28.70839712384229,0.10053272691267709,0.171696964400332,0.4090991143513443,0.171696964400332,0.1319802536691868,0.13381457909122735,0.4490385184418864,0.4521443220877722,0.9663553646323028,0.9660376194124695,1.9711290468788638,1.919648011887981
283,Salt and Pepper,1,28.64833131732548,28.66256014597452,0.1300541035606064,0.20197705762127294,0.5824350438231869,0.20197705762127294,0.11415347666337274,0.11589356355782848,0.5057599803168779,0.5092875223926034,0.9639566113929318,0.9651953039730161,3.9549016361135756,3.9248150585799566
284,Salt and Pepper,1,28.629057989762345,28.610592822217956,0.12160277388480313,0.19560863469996606,0.5370785153960871,0.19560863469996606,0.13194682802571778,0.13360184065379482,0.47845321495244353,0.4813749786435649,0.9661890133960264,0.9663524793328725,3.4692224820318907,3.3932583618389893
285,Salt and Pepper,1,28.631936525973085,28.65263380736673,0.1033101046573782,0.1755733482719432,0.43737959490003975,0.1755733482719432,0.11377331537911368,0.11501891522810422,0.4696230840794253,0.4725352531702597,0.9656699515882746,0.967225541305173,3.3773156725145803,3.304310708929681
286,Salt and Pepper,1,28.631850253678724,28.666972230604006,0.10454996020023044,0.1764606467673052,0.4559810363236357,0.1764606467673052,0.12213854543217864,0.12348398562287644,0.4514600325204306,0.45503250617868063,0.9658861149396518,0.968077921465233,3.140869665035027,3.058560116259919
287,Salt and Pepper,1,28.626677049747688,28.668874033825716,0.12829643846443062,0.20162242641271336,0.4842487646540105,0.20162242641271336,0.10637593076018777,0.1081113958514614,0.5002149461674237,0.5039153354623283,0.9676963472684718,0.966979460921952,3.791119555912983,3.73799057447676
288,Salt and Pepper,1,28.636813944740407,28.66413981807716,0.10602314889811758,0.17856518666983132,0.4553492079513775,0.17856518666983132,0.1230499419388807,0.12465302591509327,0.4638169229337249,0.4672769840362395,0.9659551893689475,0.9663894253499301,2.843255879385099,2.7605224896116694
289,Salt and Pepper,1,28.652200402559917,28.689977154035073,0.11411210462659055,0.1844740908039405,0.6382747248158673,0.1844740908039405,0.11307666994974093,0.11523712749966868,0.49351100980640566,0.49805597656150424,0.9645503973712274,0.9636418777032777,3.565722956616495,3.5375430571933864
290,Salt and Pepper,2,28.10939400382761,28.23510489641723,0.0611865264119646,0.09370456865625218,0.35748543587373466,0.09370456865625218,0.039287823526613426,0.03957614232967348,0.29612946375909577,0.2971845164803096,0.9614077384644085,0.9615589705809173,2.6172378007185033,2.5826328708768203
291,Salt and Pepper,2,28.104909393102623,28.23676643606626,0.06582635916134293,0.10013982733188125,0.454606874371546,0.10013982733188125,0.04460302406585431,0.045155979939976984,0.30724618261739967,0.3097871759033639,0.9601640186554146,0.9591609274719256,3.2080334975680866,3.192130027127633
292,Salt and Pepper,2,28.11777652773965,28.26740768214811,0.056391079145698075,0.08885727531610779,0.3311221303702627,0.08885727531610779,0.04734397898705291,0.047691062223335565,0.2725814912778115,0.27429764360020936,0.9619821908462401,0.9621953371360177,1.4740104479483733,1.4699932943873022
293,Salt and Pepper,2,28.112497253085667,28.230790849655392,0.07598549891730458,0.10985846887902685,0.48856060599343243,0.10985846887902685,0.04357447640747801,0.04419009610013909,0.32335794336622264,0.32633435338111316,0.9581466459926833,0.9589816650103073,3.852917782484888,3.8411648056661085
294,Salt and Pepper,2,28.10956523711117,28.208377423681096,0.06917574014708924,0.10308591016406425,0.4406822382803057,0.10308591016406425,0.04573234464590965,0.04626783216152038,0.29030657562357454,0.2925640457271906,0.959505662855874,0.9605217632501913,3.1675220005555365,3.1244473135631146
295,Salt and Pepper,2,28.11626974160092,28.234875924448332,0.05835121452448434,0.08999439386906788,0.3558562326898841,0.08999439386906788,0.035630692378920865,0.035962571420052415,0.2797799813906405,0.2815786057394287,0.9611004507541874,0.9608611141139111,2.9710711736022155,2.9401065776428865
296,Salt and Pepper,2,28.103836655438602,28.235051046192595,0.05898575586894633,0.09085388386688667,0.37352893630103734,0.09085388386688667,0.045671036905809724,0.04598253399740066,0.2888142681040041,0.29024564417398024,0.9623385262718303,0.9617375827888442,3.0934808826019604,3.0563578736228454
297,Salt and Pepper,2,28.113081077967163,28.230360042204588,0.07396024908317977,0.10731299519835183,0.40140324440742375,0.10731299519835183,0.03308957396871207,0.03349250071130044,0.30363670013387867,0.30611805123640373,0.960676557631358,0.9614381477783568,3.270287464210695,3.236359212791892
298,Salt and Pepper,2,28.12376413653542,28.25907104740191,0.06005882149295909,0.09278866674338695,0.3683483074554296,0.09278866674338695,0.042412777482085,0.042944665137258586,0.28049113630493167,0.2830548994429,0.9616668491923704,0.9607801065109627,2.6020809331192645,2.562484894576216
299,Salt and Pepper,2,28.122437595535033,28.192031726101646,0.06454831545369556,0.09636014485933111,0.5379093311693414,0.09636014485933111,0.04568510202568435,0.046350841674123636,0.3299781854573375,0.3328246056714834,0.9587032943553779,0.9587238323748979,3.4637501416215075,3.441007844856681
300,Salt and Pepper,3,27.965188856463705,28.053108065159535,0.043117389430780036,0.06264278140612398,0.3025363970536458,0.06264278140612398,0.01015020788422683,0.010250909564755401,0.18339571022330947,0.18515184294041015,0.9583529221338067,0.9579279268343756,2.208381333271369,2.195982659786146
301,Salt and Pepper,3,27.962032681723738,28.042637240243344,0.046002940793108585,0.06714630152496094,0.3766979864848803,0.06714630152496094,0.014931715902917692,0.015060035622787179,0.2025336185628237,0.20407914365310914,0.9555798066609066,0.9549285605966941,3.0349141826871016,3.02440372752753
302,Salt and Pepper,3,27.97144549202872,28.084409948818948,0.03986098748980764,0.05916500116783235,0.2961430500789926,0.05916500116783235,0.011853963179427555,0.01205190567004031,0.16087712865846357,0.16224017039237631,0.9590865680307641,0.9597918676214295,1.2247396595933961,1.2323687228164755
303,Salt and Pepper,3,27.958368836632065,28.041978186497172,0.05272606860636769,0.07303728748456577,0.4142821743672134,0.07303728748456577,0.015237343438482988,0.015327995871201656,0.2112718636566216,0.212789869319997,0.9536404413139327,0.9541878408719263,3.867138767822689,3.8534226076003275
304,Salt and Pepper,3,27.960948986470967,28.0250323671328,0.0481741268780805,0.06945787895999897,0.37638023906921986,0.06945787895999897,0.015394318993621264,0.015662013683086118,0.18743209674717987,0.18901008588080723,0.955467802803205,0.9570518379761372,3.026918601802448,2.994800914723351
305,Salt and Pepper,3,27.947074795415567,28.04745905754539,0.040974954547957895,0.060093390620033445,0.309779958488838,0.060093390620033445,0.009739813675755885,0.009812822306027622,0.1740985351784487,0.17502939808658918,0.9571794338823854,0.9565748558168314,2.864527149206842,2.850463030492608
306,Salt and Pepper,3,27.966953606972446,28.05454447301356,0.041386574441027425,0.060719453915659485,0.3244385007066302,0.060719453915659485,0.012249499872769527,0.012355172803843338,0.17789312696827866,0.17924709484937784,0.9592873348480203,0.9590973055843293,3.0080377919725105,2.9919402296358966
307,Salt and Pepper,3,27.964862483848236,28.030565485969664,0.04995504310585586,0.0702103216598579,0.33612529769396543,0.0702103216598579,0.012277413199620762,0.012428532272993119,0.20074306657806168,0.20214886372030133,0.9569339460134212,0.9574404270887528,3.3885083754937484,3.3708953368865426
308,Salt and Pepper,3,27.96198763744451,28.06059631589563,0.04112728567884094,0.060551311517353476,0.3188286797451275,0.060551311517353476,0.012142256468805911,0.012187028497823882,0.17098184599438426,0.1718921446537187,0.9578804939645497,0.9564982164414686,2.20542193756801,2.187674949670346
309,Salt and Pepper,3,27.958790474855387,28.01273829636145,0.044249948727309286,0.06326839752553738,0.44196450186480074,0.06326839752553738,0.018670295545241133,0.01889281741183265,0.22511207275839926,0.22698863363660626,0.9535114871628728,0.9535640541038959,3.2127855647010706,3.1981283270591527
310,Salt and Pepper,4,27.904594039431977,27.960380797184857,0.03319682828789025,0.046819290198954755,0.2712245716352161,0.046819290198954755,0.0010507231491948292,0.0010686545471785913,0.09958468238473715,0.10057015889891285,0.9556138984322035,0.9545500004852255,2.158028763244725,2.1477689938954017
311,Salt and Pepper,4,27.89907304560522,27.948228315856017,0.03315812373027683,0.047291488980790684,0.32385145570993534,0.047291488980790684,0.003373008098589002,0.0034185491810012395,0.11817087073362559,0.11898386979891844,0.9506682877863829,0.9508901776124962,2.988693945287679,2.990249358852772
312,Salt and Pepper,4,27.907939553743503,27.969750433370073,0.03035206471460641,0.04400547917678855,0.2650093498985752,0.04400547917678855,0.0006440933159465273,0.0006532356590543613,0.07868812909991871,0.07930806263605464,0.9571038554504026,0.9581756714164094,1.26533698328705,1.2779585013498351
313,Salt and Pepper,4,27.890550638784347,27.955209126930683,0.03666922166564005,0.05056913436529234,0.3497653084257365,0.05056913436529234,0.0029591241578666525,0.003002483005629823,0.1290303692517145,0.12998096732855327,0.9492961887852474,0.9492413237379651,3.834580617730327,3.834486408623061
314,Salt and Pepper,4,27.910479619610243,27.95176066687279,0.03523577813327353,0.04952665487756907,0.3285286458878378,0.04952665487756907,0.002308236439089373,0.002329955182104414,0.1025177684006163,0.10326787791537834,0.9503288465212347,0.9512459059846681,3.0086649951878903,2.9919118417956962
315,Salt and Pepper,4,27.883859049631248,27.964642435374415,0.03110368641535972,0.04451732966493731,0.27089359353586306,0.04451732966493731,0.0011342535931285304,0.0011442082870059544,0.10282316640541342,0.10364439502839105,0.9549790456355831,0.9540416336810145,2.468916121516519,2.466520715476182
316,Salt and Pepper,4,27.903622898717995,27.976513962252795,0.03142871775974506,0.04499520662428702,0.2852867771011814,0.04499520662428702,0.0016302500668077301,0.0016551637522992328,0.0969723866495365,0.09795428351609414,0.9561011796688978,0.9570577174172263,2.8760351486396822,2.8727905187796487
317,Salt and Pepper,4,27.893377941005983,27.945949735787806,0.03681760646321422,0.051180779819988156,0.2905972003218615,0.051180779819988156,0.001996950941757443,0.0020176935050154046,0.12193863844681728,0.12283270915715006,0.9534200150155814,0.9539815189894684,3.2974288928842443,3.2861618079356565
318,Salt and Pepper,4,27.885621324184072,27.96833136786137,0.031711133987392275,0.045535187723922704,0.2830779833111238,0.045535187723922704,0.001062856799649143,0.0010818242610452088,0.09362762128259652,0.09437865496565594,0.9560772683940277,0.9554646480349167,2.1182433475468567,2.112244398538031
319,Salt and Pepper,4,27.892396759163596,27.937962448565735,0.031310363828100624,0.04420456046433962,0.3571751300159375,0.04420456046433962,0.005325492804954824,0.00539880839619363,0.13817514126018818,0.13935980673800044,0.9493205438989234,0.9518478323575721,3.0609519956327222,3.0455428327883065
